block_id,subtype,message_id,packet_count,offset_in_payload,decoder,min,max,unique_count,samples
4,0,1,3,4,u16le,256,256,1,256
4,0,1,3,4,i16le,256,256,1,256
4,0,1,3,4,u32le,67830016,67830016,1,67830016
4,0,1,3,4,i32le,67830016,67830016,1,67830016
4,0,1,3,4,f32le,0.0,0.0,1,0.0
4,0,1,3,5,u16le,2817,2817,1,2817
4,0,1,3,5,i16le,2817,2817,1,2817
4,0,1,3,5,u32le,1208224513,4211346177,3,1208224513 1778649857 4211346177
4,0,1,3,5,i32le,-83621119,1778649857,3,-83621119 1208224513 1778649857
4,0,1,3,6,u16le,1035,1035,1,1035
4,0,1,3,6,i16le,1035,1035,1,1035
4,0,1,3,6,u32le,2633696267,2655519755,3,2633696267 2640970763 2655519755
4,0,1,3,6,i32le,-1661271029,-1639447541,3,-1661271029 -1653996533 -1639447541
4,0,1,3,6,f32le,-0.0,-0.0,1,-0.0
4,0,1,3,7,u16le,18436,64260,3,18436 27140 64260
4,0,1,3,7,i16le,-1276,27140,3,-1276 18436 27140
4,0,1,3,7,u32le,10287876,10373124,3,10287876 10316292 10373124
4,0,1,3,7,i32le,10287876,10373124,3,10287876 10316292 10373124
4,0,1,3,7,f32le,0.0,0.0,1,0.0
4,0,1,3,8,u8,72,251,3,72 106 251
4,0,1,3,8,i8,-5,106,3,-5 72 106
4,0,1,3,8,u16le,40187,40520,3,40187 40298 40520
4,0,1,3,8,i16le,-25349,-25016,3,-25349 -25238 -25016
4,0,1,3,8,u32le,40187,40520,3,40187 40298 40520
4,0,1,3,8,i32le,40187,40520,3,40187 40298 40520
4,0,1,3,8,f32le,0.0,0.0,1,0.0
4,0,1,3,9,u8,156,158,3,156 157 158
4,0,1,3,9,i8,-100,-98,3,-100 -99 -98
4,0,1,3,9,u16le,156,158,3,156 157 158
4,0,1,3,9,i16le,156,158,3,156 157 158
4,0,1,3,9,u32le,2147483804,2147483806,3,2147483804 2147483805 2147483806
4,0,1,3,9,i32le,-2147483492,-2147483490,3,-2147483492 -2147483491 -2147483490
4,0,1,3,9,f32le,-0.0,-0.0,1,-0.0
4,0,1,3,10,u16le,0,0,1,0
4,0,1,3,10,i16le,0,0,1,0
4,0,1,3,10,u32le,3632267264,3632267264,1,3632267264
4,0,1,3,10,i32le,-662700032,-662700032,1,-662700032
4,0,1,3,11,u16le,32768,32768,1,32768
4,0,1,3,11,i16le,-32768,-32768,1,-32768
4,0,1,3,11,u32le,953712640,953712640,1,953712640
4,0,1,3,11,i32le,953712640,953712640,1,953712640
4,0,1,3,11,f32le,0.000103,0.000103,1,0.000103
4,0,1,3,12,u16le,55424,55424,1,55424
4,0,1,3,12,i16le,-10112,-10112,1,-10112
4,0,1,3,12,u32le,20502656,20502656,1,20502656
4,0,1,3,12,i32le,20502656,20502656,1,20502656
4,0,1,3,12,f32le,0.0,0.0,1,0.0
4,0,1,3,13,u16le,14552,14552,1,14552
4,0,1,3,13,i16le,14552,14552,1,14552
4,0,1,3,13,u32le,80088,80088,1,80088
4,0,1,3,13,i32le,80088,80088,1,80088
4,0,1,3,13,f32le,0.0,0.0,1,0.0
4,0,1,3,14,u16le,312,312,1,312
4,0,1,3,14,i16le,312,312,1,312
4,0,1,3,14,u32le,312,312,1,312
4,0,1,3,14,i32le,312,312,1,312
4,0,1,3,14,f32le,0.0,0.0,1,0.0
4,0,1,3,15,u16le,1,1,1,1
4,0,1,3,15,i16le,1,1,1,1
4,0,1,3,15,u32le,33554433,33554433,1,33554433
4,0,1,3,15,i32le,33554433,33554433,1,33554433
4,0,1,3,15,f32le,0.0,0.0,1,0.0
4,0,1,3,16,u16le,0,0,1,0
4,0,1,3,16,i16le,0,0,1,0
4,0,1,3,16,u32le,131072,131072,1,131072
4,0,1,3,16,i32le,131072,131072,1,131072
4,0,1,3,16,f32le,0.0,0.0,1,0.0
4,0,1,3,17,u16le,512,512,1,512
4,0,1,3,17,i16le,512,512,1,512
4,0,1,3,17,u32le,16777728,16777728,1,16777728
4,0,1,3,17,i32le,16777728,16777728,1,16777728
4,0,1,3,17,f32le,0.0,0.0,1,0.0
4,0,1,3,18,u16le,2,2,1,2
4,0,1,3,18,i16le,2,2,1,2
4,0,1,3,18,u32le,604045314,604045314,1,604045314
4,0,1,3,18,i32le,604045314,604045314,1,604045314
4,0,1,3,18,f32le,0.0,0.0,1,0.0
4,0,1,3,19,u16le,256,256,1,256
4,0,1,3,19,i16le,256,256,1,256
4,0,1,3,19,u32le,2359552,2359552,1,2359552
4,0,1,3,19,i32le,2359552,2359552,1,2359552
4,0,1,3,19,f32le,0.0,0.0,1,0.0
4,0,1,3,20,u16le,9217,9217,1,9217
4,0,1,3,20,i16le,9217,9217,1,9217
4,0,1,3,20,u32le,9217,9217,1,9217
4,0,1,3,20,i32le,9217,9217,1,9217
4,0,1,3,20,f32le,0.0,0.0,1,0.0
4,0,1,3,21,u16le,36,36,1,36
4,0,1,3,21,i16le,36,36,1,36
4,0,1,3,21,u32le,36,36,1,36
4,0,1,3,21,i32le,36,36,1,36
4,0,1,3,21,f32le,0.0,0.0,1,0.0
4,0,1,3,22,u16le,0,0,1,0
4,0,1,3,22,i16le,0,0,1,0
4,0,1,3,22,u32le,0,0,1,0
4,0,1,3,22,i32le,0,0,1,0
4,0,1,3,22,f32le,0.0,0.0,1,0.0
4,0,1,3,23,u16le,0,0,1,0
4,0,1,3,23,i16le,0,0,1,0
4,0,1,3,23,u32le,0,0,1,0
4,0,1,3,23,i32le,0,0,1,0
4,0,1,3,23,f32le,0.0,0.0,1,0.0
4,0,1,3,24,u16le,0,0,1,0
4,0,1,3,24,i16le,0,0,1,0
4,0,1,3,24,u32le,0,0,1,0
4,0,1,3,24,i32le,0,0,1,0
4,0,1,3,24,f32le,0.0,0.0,1,0.0
4,0,1,3,25,u16le,0,0,1,0
4,0,1,3,25,i16le,0,0,1,0
4,0,1,3,25,u32le,1845493760,2181038080,3,1845493760 1862270976 2181038080
4,0,1,3,25,i32le,-2113929216,1862270976,3,-2113929216 1845493760 1862270976
4,0,1,3,26,u16le,0,0,1,0
4,0,1,3,26,i16le,0,0,1,0
4,0,1,3,26,u32le,4285399040,4286709760,3,4285399040 4285464576 4286709760
4,0,1,3,26,i32le,-9568256,-8257536,3,-9568256 -9502720 -8257536
4,0,1,3,27,u16le,28160,33280,3,28160 28416 33280
4,0,1,3,27,i16le,-32256,28416,3,-32256 28160 28416
4,0,1,3,27,u32le,2432659200,3690955264,3,2432659200 2835312128 3690955264
4,0,1,3,27,i32le,-1862308096,-604012032,3,-1862308096 -1459655168 -604012032
4,0,1,3,28,u8,110,130,3,110 111 130
4,0,1,3,28,i8,-126,111,3,-126 110 111
4,0,1,3,28,u16le,65390,65410,3,65390 65391 65410
4,0,1,3,28,i16le,-146,-126,3,-146 -145 -126
4,0,1,3,28,u32le,647036783,3957063554,3,647036783 648609646 3957063554
4,0,1,3,28,i32le,-337903742,648609646,3,-337903742 647036783 648609646
4,0,1,3,29,u16le,37119,56319,3,37119 43263 56319
4,0,1,3,29,i16le,-28417,-9217,3,-28417 -22273 -9217
4,0,1,3,29,u32le,1814472959,3441856767,3,1814472959 2313935871 3441856767
4,0,1,3,29,i32le,-1981031425,1814472959,3,-1981031425 -853110529 1814472959
4,0,1,3,30,u8,144,219,3,144 168 219
4,0,1,3,30,i8,-112,-37,3,-112 -88 -37
4,0,1,3,30,u16le,9872,60379,3,9872 9896 60379
4,0,1,3,30,i16le,-5157,9896,3,-5157 9872 9896
4,0,1,3,30,u32le,3733580763,4201391784,3,3733580763 4190971536 4201391784
4,0,1,3,30,i32le,-561386533,-93575512,3,-561386533 -103995760 -93575512
4,0,1,3,31,u8,38,235,2,38 235
4,0,1,3,31,i8,-21,38,2,-21 38
4,0,1,3,31,u16le,27686,52518,3,27686 35307 52518
4,0,1,3,31,i16le,-30229,27686,3,-30229 -13018 27686
4,0,1,3,31,u32le,14584299,16411686,3,14584299 16370982 16411686
4,0,1,3,31,i32le,14584299,16411686,3,14584299 16370982 16411686
4,0,1,3,31,f32le,0.0,0.0,1,0.0
4,0,1,3,32,u8,108,205,3,108 137 205
4,0,1,3,32,i8,-119,108,3,-119 -51 108
4,0,1,3,32,u16le,56969,64108,3,56969 63949 64108
4,0,1,3,32,i16le,-8567,-1428,3,-8567 -1587 -1428
4,0,1,3,32,u32le,56969,64108,3,56969 63949 64108
4,0,1,3,32,i32le,56969,64108,3,56969 63949 64108
4,0,1,3,32,f32le,0.0,0.0,1,0.0
4,0,1,3,33,u8,222,250,3,222 249 250
4,0,1,3,33,i8,-34,-6,3,-34 -7 -6
4,0,1,3,33,u16le,222,250,3,222 249 250
4,0,1,3,33,i16le,222,250,3,222 249 250
4,0,1,3,33,u32le,222,250,3,222 249 250
4,0,1,3,33,i32le,222,250,3,222 249 250
4,0,1,3,33,f32le,0.0,0.0,1,0.0
4,0,1,3,34,u16le,0,0,1,0
4,0,1,3,34,i16le,0,0,1,0
4,0,1,3,34,u32le,0,0,1,0
4,0,1,3,34,i32le,0,0,1,0
4,0,1,3,34,f32le,0.0,0.0,1,0.0
4,0,1,3,35,u16le,0,0,1,0
4,0,1,3,35,i16le,0,0,1,0
4,0,1,3,35,u32le,0,0,1,0
4,0,1,3,35,i32le,0,0,1,0
4,0,1,3,35,f32le,0.0,0.0,1,0.0
4,0,1,3,36,u16le,0,0,1,0
4,0,1,3,36,i16le,0,0,1,0
4,0,1,3,36,u32le,0,0,1,0
4,0,1,3,36,i32le,0,0,1,0
4,0,1,3,36,f32le,0.0,0.0,1,0.0
4,0,1,3,37,u16le,0,0,1,0
4,0,1,3,37,i16le,0,0,1,0
4,0,1,3,37,u32le,0,0,1,0
4,0,1,3,37,i32le,0,0,1,0
4,0,1,3,37,f32le,0.0,0.0,1,0.0
4,0,1,3,38,u16le,0,0,1,0
4,0,1,3,38,i16le,0,0,1,0
4,0,1,3,38,u32le,0,0,1,0
4,0,1,3,38,i32le,0,0,1,0
4,0,1,3,38,f32le,0.0,0.0,1,0.0
4,0,1,3,39,u16le,0,0,1,0
4,0,1,3,39,i16le,0,0,1,0
4,0,1,3,39,u32le,0,0,1,0
4,0,1,3,39,i32le,0,0,1,0
4,0,1,3,39,f32le,0.0,0.0,1,0.0
4,0,1,3,40,u16le,0,0,1,0
4,0,1,3,40,i16le,0,0,1,0
4,0,1,3,40,u32le,0,0,1,0
4,0,1,3,40,i32le,0,0,1,0
4,0,1,3,40,f32le,0.0,0.0,1,0.0
4,0,1,3,41,u16le,0,0,1,0
4,0,1,3,41,i16le,0,0,1,0
4,0,1,3,41,u32le,0,0,1,0
4,0,1,3,41,i32le,0,0,1,0
4,0,1,3,41,f32le,0.0,0.0,1,0.0
4,0,1,3,42,u16le,0,0,1,0
4,0,1,3,42,i16le,0,0,1,0
4,0,1,3,42,u32le,0,0,1,0
4,0,1,3,42,i32le,0,0,1,0
4,0,1,3,42,f32le,0.0,0.0,1,0.0
4,0,1,3,43,u16le,0,0,1,0
4,0,1,3,43,i16le,0,0,1,0
4,0,1,3,43,u32le,603979776,1291845632,3,603979776 822083584 1291845632
4,0,1,3,43,i32le,603979776,1291845632,3,603979776 822083584 1291845632
4,0,1,3,43,f32le,0.0,134217728.0,2,0.0 134217728.0
4,0,1,3,44,u16le,0,0,1,0
4,0,1,3,44,i16le,0,0,1,0
4,0,1,3,44,u32le,3726901248,3729588224,3,3726901248 3727753216 3729588224
4,0,1,3,44,i32le,-568066048,-565379072,3,-568066048 -567214080 -565379072
4,0,1,3,45,u16le,9216,19712,3,9216 12544 19712
4,0,1,3,45,i16le,9216,19712,3,9216 12544 19712
4,0,1,3,45,u32le,199110912,2917027072,3,199110912 1507730432 2917027072
4,0,1,3,45,i32le,-1377940224,1507730432,3,-1377940224 199110912 1507730432
4,0,1,3,46,u8,36,77,3,36 49 77
4,0,1,3,46,i8,36,77,3,36 49 77
4,0,1,3,46,u16le,56868,56909,3,56868 56881 56909
4,0,1,3,46,i16le,-8668,-8627,3,-8668 -8655 -8627
4,0,1,3,46,u32le,4155366989,4166639140,3,4155366989 4161527345 4166639140
4,0,1,3,46,i32le,-139600307,-128328156,3,-139600307 -133439951 -128328156
4,0,1,3,47,u16le,3038,44510,3,3038 23006 44510
4,0,1,3,47,i16le,-21026,23006,3,-21026 3038 23006
4,0,1,3,47,u32le,1157082590,2516081118,3,1157082590 2516061150 2516081118
4,0,1,3,47,i32le,-1778906146,1157082590,3,-1778906146 -1778886178 1157082590
4,0,1,3,47,f32le,-0.0,1981.43335,2,-0.0 1981.43335
4,0,1,3,48,u8,11,173,3,11 89 173
4,0,1,3,48,i8,-83,89,3,-83 11 89
4,0,1,3,48,u16le,63405,63577,3,63405 63499 63577
4,0,1,3,48,i16le,-2131,-1959,3,-2131 -2037 -1959
4,0,1,3,48,u32le,54851501,60160089,3,54851501 60160011 60160089
4,0,1,3,48,i32le,54851501,60160089,3,54851501 60160011 60160089
4,0,1,3,48,f32le,0.0,0.0,1,0.0
4,0,1,3,49,u8,247,248,2,247 248
4,0,1,3,49,i8,-9,-8,2,-9 -8
4,0,1,3,49,u16le,17655,38392,2,17655 38392
4,0,1,3,49,i16le,-27144,17655,2,-27144 17655
4,0,1,3,49,u32le,214263,235000,2,214263 235000
4,0,1,3,49,i32le,214263,235000,2,214263 235000
4,0,1,3,49,f32le,0.0,0.0,1,0.0
4,0,1,3,50,u8,68,149,2,68 149
4,0,1,3,50,i8,-107,68,2,-107 68
4,0,1,3,50,u16le,836,917,2,836 917
4,0,1,3,50,i16le,836,917,2,836 917
4,0,1,3,50,u32le,836,917,2,836 917
4,0,1,3,50,i32le,836,917,2,836 917
4,0,1,3,50,f32le,0.0,0.0,1,0.0
4,0,1,3,51,u16le,3,3,1,3
4,0,1,3,51,i16le,3,3,1,3
4,0,1,3,51,u32le,3,3,1,3
4,0,1,3,51,i32le,3,3,1,3
4,0,1,3,51,f32le,0.0,0.0,1,0.0
4,0,1,3,52,u16le,0,0,1,0
4,0,1,3,52,i16le,0,0,1,0
4,0,1,3,52,u32le,0,0,1,0
4,0,1,3,52,i32le,0,0,1,0
4,0,1,3,52,f32le,0.0,0.0,1,0.0
4,0,1,3,53,u16le,0,0,1,0
4,0,1,3,53,i16le,0,0,1,0
4,0,1,3,53,u32le,0,0,1,0
4,0,1,3,53,i32le,0,0,1,0
4,0,1,3,53,f32le,0.0,0.0,1,0.0
4,0,1,3,54,u16le,0,0,1,0
4,0,1,3,54,i16le,0,0,1,0
4,0,1,3,54,u32le,0,0,1,0
4,0,1,3,54,i32le,0,0,1,0
4,0,1,3,54,f32le,0.0,0.0,1,0.0
4,0,1,3,55,u16le,0,0,1,0
4,0,1,3,55,i16le,0,0,1,0
4,0,1,3,56,u16le,0,0,1,0
4,0,1,3,56,i16le,0,0,1,0
4,1,4,4,4,u16le,256,256,1,256
4,1,4,4,4,i16le,256,256,1,256
4,1,4,4,4,u32le,2433089792,2433089792,1,2433089792
4,1,4,4,4,i32le,-1861877504,-1861877504,1,-1861877504
4,1,4,4,4,f32le,-0.0,-0.0,1,-0.0
4,1,4,4,5,u16le,1537,1537,1,1537
4,1,4,4,5,i16le,1537,1537,1,1537
4,1,4,4,5,u32le,831587841,831587841,1,831587841
4,1,4,4,5,i32le,831587841,831587841,1,831587841
4,1,4,4,5,f32le,0.0,0.0,1,0.0
4,1,4,4,6,u16le,37126,37126,1,37126
4,1,4,4,6,i16le,-28410,-28410,1,-28410
4,1,4,4,6,u32le,2150732038,2150732038,1,2150732038
4,1,4,4,6,i32le,-2144235258,-2144235258,1,-2144235258
4,1,4,4,6,f32le,-0.0,-0.0,1,-0.0
4,1,4,4,7,u16le,12689,12689,1,12689
4,1,4,4,7,i16le,12689,12689,1,12689
4,1,4,4,7,u32le,8401297,8401297,1,8401297
4,1,4,4,7,i32le,8401297,8401297,1,8401297
4,1,4,4,7,f32le,0.0,0.0,1,0.0
4,1,4,4,8,u16le,32817,32817,1,32817
4,1,4,4,8,i16le,-32719,-32719,1,-32719
4,1,4,4,8,u32le,16810033,16810033,1,16810033
4,1,4,4,8,i32le,16810033,16810033,1,16810033
4,1,4,4,8,f32le,0.0,0.0,1,0.0
4,1,4,4,9,u16le,128,128,1,128
4,1,4,4,9,i16le,128,128,1,128
4,1,4,4,9,u32le,65664,65664,1,65664
4,1,4,4,9,i32le,65664,65664,1,65664
4,1,4,4,9,f32le,0.0,0.0,1,0.0
4,1,4,4,10,u16le,256,256,1,256
4,1,4,4,10,i16le,256,256,1,256
4,1,4,4,10,u32le,100663552,100663552,1,100663552
4,1,4,4,10,i32le,100663552,100663552,1,100663552
4,1,4,4,10,f32le,0.0,0.0,1,0.0
4,1,4,4,11,u16le,1,1,1,1
4,1,4,4,11,i16le,1,1,1,1
4,1,4,4,11,u32le,393217,393217,1,393217
4,1,4,4,11,i32le,393217,393217,1,393217
4,1,4,4,11,f32le,0.0,0.0,1,0.0
4,1,4,4,12,u16le,1536,1536,1,1536
4,1,4,4,12,i16le,1536,1536,1,1536
4,1,4,4,12,u32le,16778752,16778752,1,16778752
4,1,4,4,12,i32le,16778752,16778752,1,16778752
4,1,4,4,12,f32le,0.0,0.0,1,0.0
4,1,4,4,13,u16le,6,6,1,6
4,1,4,4,13,i16le,6,6,1,6
4,1,4,4,13,u32le,369164294,369164294,1,369164294
4,1,4,4,13,i32le,369164294,369164294,1,369164294
4,1,4,4,13,f32le,0.0,0.0,1,0.0
4,1,4,4,14,u16le,256,256,1,256
4,1,4,4,14,i16le,256,256,1,256
4,1,4,4,14,u32le,739639552,3256221952,4,739639552 840302848 1461059840 3256221952
4,1,4,4,14,i32le,-1038745344,1461059840,4,-1038745344 739639552 840302848 1461059840
4,1,4,4,14,f32le,-37.500977,0.0,2,-37.500977 0.0
4,1,4,4,15,u16le,5633,5633,1,5633
4,1,4,4,15,i16le,5633,5633,1,5633
4,1,4,4,15,u32le,3384940033,3411482113,4,3384940033 3391886849 3409057281 3411482113
4,1,4,4,15,i32le,-910027263,-883485183,4,-910027263 -903080447 -885910015 -883485183
4,1,4,4,15,f32le,-14095873.0,-1589952.125,4,-14095873.0 -11671041.0 -2819456.25 -1589952.125
4,1,4,4,16,u16le,11286,49686,4,11286 12822 22294 49686
4,1,4,4,16,i16le,-15850,22294,4,-15850 11286 12822 22294
4,1,4,4,16,u32le,13222422,13326102,4,13222422 13249558 13316630 13326102
4,1,4,4,16,i32le,13222422,13326102,4,13222422 13249558 13316630 13326102
4,1,4,4,16,f32le,0.0,0.0,1,0.0
4,1,4,4,17,u8,44,194,4,44 50 87 194
4,1,4,4,17,i8,-62,87,4,-62 44 50 87
4,1,4,4,17,u16le,51650,52055,4,51650 51756 52018 52055
4,1,4,4,17,i16le,-13886,-13481,4,-13886 -13780 -13518 -13481
4,1,4,4,17,u32le,51650,52055,4,51650 51756 52018 52055
4,1,4,4,17,i32le,51650,52055,4,51650 51756 52018 52055
4,1,4,4,17,f32le,0.0,0.0,1,0.0
4,1,4,4,18,u8,201,203,3,201 202 203
4,1,4,4,18,i8,-55,-53,3,-55 -54 -53
4,1,4,4,18,u16le,201,203,3,201 202 203
4,1,4,4,18,i16le,201,203,3,201 202 203
4,1,4,4,18,u32le,1023410379,4211081417,4,1023410379 3472883914 3472883915 4211081417
4,1,4,4,18,i32le,-822083382,1023410379,4,-822083382 -822083381 -83885879 1023410379
4,1,4,4,19,u16le,0,0,1,0
4,1,4,4,19,i16le,0,0,1,0
4,1,4,4,19,u32le,20774912,164560896,3,20774912 66781184 164560896
4,1,4,4,19,i32le,20774912,164560896,3,20774912 66781184 164560896
4,1,4,4,19,f32le,0.0,0.0,1,0.0
4,1,4,4,20,u16le,15616,64256,3,15616 52992 64256
4,1,4,4,20,i16le,-12544,15616,3,-12544 -1280 15616
4,1,4,4,20,u32le,81152,642816,3,81152 260864 642816
4,1,4,4,20,i32le,81152,642816,3,81152 260864 642816
4,1,4,4,20,f32le,0.0,0.0,1,0.0
4,1,4,4,21,u8,61,251,3,61 207 251
4,1,4,4,21,i8,-49,61,3,-49 -5 61
4,1,4,4,21,u16le,317,2511,3,317 1019 2511
4,1,4,4,21,i16le,317,2511,3,317 1019 2511
4,1,4,4,21,u32le,3472884029,3472886223,3,3472884029 3472884731 3472886223
4,1,4,4,21,i32le,-822083267,-822081073,3,-822083267 -822082565 -822081073
4,1,4,4,22,u8,1,9,3,1 3 9
4,1,4,4,22,i8,1,9,3,1 3 9
4,1,4,4,22,u16le,1,9,3,1 3 9
4,1,4,4,22,i16le,1,9,3,1 3 9
4,1,4,4,22,u32le,164560897,164560905,3,164560897 164560899 164560905
4,1,4,4,22,i32le,164560897,164560905,3,164560897 164560899 164560905
4,1,4,4,22,f32le,0.0,0.0,1,0.0
4,1,4,4,23,u16le,52992,52992,1,52992
4,1,4,4,23,i16le,-12544,-12544,1,-12544
4,1,4,4,23,u32le,642816,642816,1,642816
4,1,4,4,23,i32le,642816,642816,1,642816
4,1,4,4,23,f32le,0.0,0.0,1,0.0
4,1,4,4,24,u16le,2511,2511,1,2511
4,1,4,4,24,i16le,2511,2511,1,2511
4,1,4,4,24,u32le,16779727,16779727,1,16779727
4,1,4,4,24,i32le,16779727,16779727,1,16779727
4,1,4,4,24,f32le,0.0,0.0,1,0.0
4,1,4,4,25,u16le,9,9,1,9
4,1,4,4,25,i16le,9,9,1,9
4,1,4,4,25,u32le,65545,65545,1,65545
4,1,4,4,25,i32le,65545,65545,1,65545
4,1,4,4,25,f32le,0.0,0.0,1,0.0
4,1,4,4,26,u16le,256,256,1,256
4,1,4,4,26,i16le,256,256,1,256
4,1,4,4,26,u32le,256,256,1,256
4,1,4,4,26,i32le,256,256,1,256
4,1,4,4,26,f32le,0.0,0.0,1,0.0
4,1,4,4,27,u16le,1,1,1,1
4,1,4,4,27,i16le,1,1,1,1
4,1,4,4,27,u32le,1,1,1,1
4,1,4,4,27,i32le,1,1,1,1
4,1,4,4,27,f32le,0.0,0.0,1,0.0
4,1,4,4,28,u16le,0,0,1,0
4,1,4,4,28,i16le,0,0,1,0
4,1,4,4,28,u32le,0,0,1,0
4,1,4,4,28,i32le,0,0,1,0
4,1,4,4,28,f32le,0.0,0.0,1,0.0
4,1,4,4,29,u16le,0,0,1,0
4,1,4,4,29,i16le,0,0,1,0
4,1,4,4,29,u32le,16777216,16777216,1,16777216
4,1,4,4,29,i32le,16777216,16777216,1,16777216
4,1,4,4,29,f32le,0.0,0.0,1,0.0
4,1,4,4,30,u16le,0,0,1,0
4,1,4,4,30,i16le,0,0,1,0
4,1,4,4,30,u32le,65536,3170959360,3,65536 2483093504 3170959360
4,1,4,4,30,i32le,-1811873792,65536,3,-1811873792 -1124007936 65536
4,1,4,4,30,f32le,-0.031494,-0.0,2,-0.031494 -0.0
4,1,4,4,31,u16le,256,256,1,256
4,1,4,4,31,i16le,256,256,1,256
4,1,4,4,31,u32le,256,4290576640,3,256 4287889664 4290576640
4,1,4,4,31,i32le,-7077632,256,3,-7077632 -4390656 256
4,1,4,4,32,u16le,1,48385,3,1 37889 48385
4,1,4,4,32,i16le,-27647,1,3,-27647 -17151 1
4,1,4,4,32,u32le,16749569,16777217,3,16749569 16760065 16777217
4,1,4,4,32,i32le,16749569,16777217,3,16749569 16760065 16777217
4,1,4,4,32,f32le,0.0,0.0,1,0.0
4,1,4,4,33,u8,0,189,3,0 148 189
4,1,4,4,33,i8,-108,0,3,-108 -67 0
4,1,4,4,33,u16le,0,65469,3,0 65428 65469
4,1,4,4,33,i16le,-108,0,3,-108 -67 0
4,1,4,4,33,u32le,453050260,1359020032,4,453050260 704708541 1291911168 1359020032
4,1,4,4,33,i32le,453050260,1359020032,4,453050260 704708541 1291911168 1359020032
4,1,4,4,33,f32le,0.0,135266304.0,2,0.0 135266304.0
4,1,4,4,34,u8,0,255,2,0 255
4,1,4,4,34,i8,-1,0,2,-1 0
4,1,4,4,34,u16le,255,256,2,255 256
4,1,4,4,34,i16le,255,256,2,255 256
4,1,4,4,34,u32le,1769727,5308672,4,1769727 2752767 5046528 5308672
4,1,4,4,34,i32le,1769727,5308672,4,1769727 2752767 5046528 5308672
4,1,4,4,34,f32le,0.0,0.0,1,0.0
4,1,4,4,35,u8,0,1,2,0 1
4,1,4,4,35,i8,0,1,2,0 1
4,1,4,4,35,u16le,6912,20737,4,6912 10752 19713 20737
4,1,4,4,35,i16le,6912,20737,4,6912 10752 19713 20737
4,1,4,4,35,u32le,6912,20737,4,6912 10752 19713 20737
4,1,4,4,35,i32le,6912,20737,4,6912 10752 19713 20737
4,1,4,4,35,f32le,0.0,0.0,1,0.0
4,1,4,4,36,u8,27,81,4,27 42 77 81
4,1,4,4,36,i8,27,81,4,27 42 77 81
4,1,4,4,36,u16le,27,81,4,27 42 77 81
4,1,4,4,36,i16le,27,81,4,27 42 77 81
4,1,4,4,36,u32le,117440539,117440593,4,117440539 117440554 117440589 117440593
4,1,4,4,36,i32le,117440539,117440593,4,117440539 117440554 117440589 117440593
4,1,4,4,36,f32le,0.0,0.0,1,0.0
4,1,4,4,37,u16le,0,0,1,0
4,1,4,4,37,i16le,0,0,1,0
4,1,4,4,37,u32le,458752,458752,1,458752
4,1,4,4,37,i32le,458752,458752,1,458752
4,1,4,4,37,f32le,0.0,0.0,1,0.0
4,1,4,4,38,u16le,1792,1792,1,1792
4,1,4,4,38,i16le,1792,1792,1,1792
4,1,4,4,38,u32le,16779008,16779008,1,16779008
4,1,4,4,38,i32le,16779008,16779008,1,16779008
4,1,4,4,38,f32le,0.0,0.0,1,0.0
4,1,4,4,39,u16le,7,7,1,7
4,1,4,4,39,i16le,7,7,1,7
4,1,4,4,39,u32le,369164295,369164295,1,369164295
4,1,4,4,39,i32le,369164295,369164295,1,369164295
4,1,4,4,39,f32le,0.0,0.0,1,0.0
4,1,4,4,40,u16le,256,256,1,256
4,1,4,4,40,i16le,256,256,1,256
4,1,4,4,40,u32le,739639552,3256221952,4,739639552 840302848 1461059840 3256221952
4,1,4,4,40,i32le,-1038745344,1461059840,4,-1038745344 739639552 840302848 1461059840
4,1,4,4,40,f32le,-37.500977,0.0,2,-37.500977 0.0
4,1,4,4,41,u16le,5633,5633,1,5633
4,1,4,4,41,i16le,5633,5633,1,5633
4,1,4,4,41,u32le,3384940033,3411482113,4,3384940033 3391886849 3409057281 3411482113
4,1,4,4,41,i32le,-910027263,-883485183,4,-910027263 -903080447 -885910015 -883485183
4,1,4,4,41,f32le,-14095873.0,-1589952.125,4,-14095873.0 -11671041.0 -2819456.25 -1589952.125
4,1,4,4,42,u16le,11286,49686,4,11286 12822 22294 49686
4,1,4,4,42,i16le,-15850,22294,4,-15850 11286 12822 22294
4,1,4,4,42,u32le,13222422,13326102,4,13222422 13249558 13316630 13326102
4,1,4,4,42,i32le,13222422,13326102,4,13222422 13249558 13316630 13326102
4,1,4,4,42,f32le,0.0,0.0,1,0.0
4,1,4,4,43,u8,44,194,4,44 50 87 194
4,1,4,4,43,i8,-62,87,4,-62 44 50 87
4,1,4,4,43,u16le,51650,52055,4,51650 51756 52018 52055
4,1,4,4,43,i16le,-13886,-13481,4,-13886 -13780 -13518 -13481
4,1,4,4,43,u32le,51650,52055,4,51650 51756 52018 52055
4,1,4,4,43,i32le,51650,52055,4,51650 51756 52018 52055
4,1,4,4,43,f32le,0.0,0.0,1,0.0
4,1,4,4,44,u8,201,203,3,201 202 203
4,1,4,4,44,i8,-55,-53,3,-55 -54 -53
4,1,4,4,44,u16le,201,203,3,201 202 203
4,1,4,4,44,i16le,201,203,3,201 202 203
4,1,4,4,44,u32le,2181038283,3640656075,4,2181038283 3456106698 3640656073 3640656075
4,1,4,4,44,i32le,-2113929013,-654311221,4,-2113929013 -838860598 -654311223 -654311221
4,1,4,4,45,u16le,0,0,1,0
4,1,4,4,45,i16le,0,0,1,0
4,1,4,4,45,u32le,14221312,81330176,4,14221312 25296896 30277632 81330176
4,1,4,4,45,i32le,14221312,81330176,4,14221312 25296896 30277632 81330176
4,1,4,4,45,f32le,0.0,0.0,1,0.0
4,1,4,4,46,u16le,33280,55552,3,33280 52736 55552
4,1,4,4,46,i16le,-32256,-9984,3,-32256 -12800 -9984
4,1,4,4,46,u32le,55552,317696,4,55552 98816 118272 317696
4,1,4,4,46,i32le,55552,317696,4,55552 98816 118272 317696
4,1,4,4,46,f32le,0.0,0.0,1,0.0
4,1,4,4,47,u8,130,217,3,130 206 217
4,1,4,4,47,i8,-126,-39,3,-126 -50 -39
4,1,4,4,47,u16le,217,1241,4,217 386 462 1241
4,1,4,4,47,i16le,217,1241,4,217 386 462 1241
4,1,4,4,47,u32le,654312665,3355443662,4,654312665 1627390338 3355443417 3355443662
4,1,4,4,47,i32le,-939523879,1627390338,4,-939523879 -939523634 654312665 1627390338
4,1,4,4,47,f32le,-131079.21875,0.0,3,-131079.21875 -131075.390625 0.0
4,1,4,4,48,u8,0,4,3,0 1 4
4,1,4,4,48,i8,0,4,3,0 1 4
4,1,4,4,48,u16le,0,4,3,0 1 4
4,1,4,4,48,i16le,0,4,3,0 1 4
4,1,4,4,48,u32le,19333124,164102145,4,19333124 73465857 164102144 164102145
4,1,4,4,48,i32le,19333124,164102145,4,19333124 73465857 164102144 164102145
4,1,4,4,48,f32le,0.0,0.0,1,0.0
4,1,4,4,49,u16le,9984,51200,3,9984 24832 51200
4,1,4,4,49,i16le,-14336,24832,3,-14336 9984 24832
4,1,4,4,49,u32le,75520,641024,3,75520 286976 641024
4,1,4,4,49,i32le,75520,641024,3,75520 286976 641024
4,1,4,4,49,f32le,0.0,0.0,1,0.0
4,1,4,4,50,u8,39,200,3,39 97 200
4,1,4,4,50,i8,-56,97,3,-56 39 97
4,1,4,4,50,u16le,295,2504,3,295 1121 2504
4,1,4,4,50,i16le,295,2504,3,295 1121 2504
4,1,4,4,50,u32le,295,2504,3,295 1121 2504
4,1,4,4,50,i32le,295,2504,3,295 1121 2504
4,1,4,4,50,f32le,0.0,0.0,1,0.0
4,1,4,4,51,u8,1,9,3,1 4 9
4,1,4,4,51,i8,1,9,3,1 4 9
4,1,4,4,51,u16le,1,9,3,1 4 9
4,1,4,4,51,i16le,1,9,3,1 4 9
4,1,4,4,51,u32le,1,9,3,1 4 9
4,1,4,4,51,i32le,1,9,3,1 4 9
4,1,4,4,51,f32le,0.0,0.0,1,0.0
4,1,4,4,52,u16le,0,0,1,0
4,1,4,4,52,i16le,0,0,1,0
4,1,4,4,52,u32le,16777216,16777216,1,16777216
4,1,4,4,52,i32le,16777216,16777216,1,16777216
4,1,4,4,52,f32le,0.0,0.0,1,0.0
4,1,4,4,53,u16le,0,0,1,0
4,1,4,4,53,i16le,0,0,1,0
4,1,4,4,53,u32le,65536,65536,1,65536
4,1,4,4,53,i32le,65536,65536,1,65536
4,1,4,4,53,f32le,0.0,0.0,1,0.0
4,1,4,4,54,u16le,256,256,1,256
4,1,4,4,54,i16le,256,256,1,256
4,1,4,4,54,u32le,256,256,1,256
4,1,4,4,54,i32le,256,256,1,256
4,1,4,4,54,f32le,0.0,0.0,1,0.0
4,1,4,4,55,u16le,1,1,1,1
4,1,4,4,55,i16le,1,1,1,1
4,1,4,4,55,u32le,16777217,16777217,1,16777217
4,1,4,4,55,i32le,16777217,16777217,1,16777217
4,1,4,4,55,f32le,0.0,0.0,1,0.0
4,1,4,4,56,u16le,0,0,1,0
4,1,4,4,56,i16le,0,0,1,0
4,1,4,4,56,u32le,65536,65536,1,65536
4,1,4,4,56,i32le,65536,65536,1,65536
4,1,4,4,56,f32le,0.0,0.0,1,0.0
4,1,4,4,57,u16le,256,256,1,256
4,1,4,4,57,i16le,256,256,1,256
4,1,4,4,58,u16le,1,1,1,1
4,1,4,4,58,i16le,1,1,1,1
4,1,27,3,4,u16le,256,256,1,256
4,1,27,3,4,i16le,256,256,1,256
4,1,27,3,4,u32le,1048832,1048832,1,1048832
4,1,27,3,4,i32le,1048832,1048832,1,1048832
4,1,27,3,4,f32le,0.0,0.0,1,0.0
4,1,27,3,5,u16le,4097,4097,1,4097
4,1,27,3,5,i16le,4097,4097,1,4097
4,1,27,3,5,u32le,4097,4097,1,4097
4,1,27,3,5,i32le,4097,4097,1,4097
4,1,27,3,5,f32le,0.0,0.0,1,0.0
4,1,27,3,6,u16le,16,16,1,16
4,1,27,3,6,i16le,16,16,1,16
4,1,27,3,6,u32le,16,16,1,16
4,1,27,3,6,i32le,16,16,1,16
4,1,27,3,6,f32le,0.0,0.0,1,0.0
4,1,27,3,7,u16le,0,0,1,0
4,1,27,3,7,i16le,0,0,1,0
4,1,27,3,7,u32le,0,0,1,0
4,1,27,3,7,i32le,0,0,1,0
4,1,27,3,7,f32le,0.0,0.0,1,0.0
4,1,27,3,8,u16le,0,0,1,0
4,1,27,3,8,i16le,0,0,1,0
4,1,27,3,8,u32le,0,0,1,0
4,1,27,3,8,i32le,0,0,1,0
4,1,27,3,8,f32le,0.0,0.0,1,0.0
4,1,27,3,9,u16le,0,0,1,0
4,1,27,3,9,i16le,0,0,1,0
4,1,27,3,9,u32le,0,0,1,0
4,1,27,3,9,i32le,0,0,1,0
4,1,27,3,9,f32le,0.0,0.0,1,0.0
4,1,27,3,10,u16le,0,0,1,0
4,1,27,3,10,i16le,0,0,1,0
4,1,27,3,10,u32le,0,0,1,0
4,1,27,3,10,i32le,0,0,1,0
4,1,27,3,10,f32le,0.0,0.0,1,0.0
4,1,27,3,11,u16le,0,0,1,0
4,1,27,3,11,i16le,0,0,1,0
4,1,27,3,11,u32le,0,0,1,0
4,1,27,3,11,i32le,0,0,1,0
4,1,27,3,11,f32le,0.0,0.0,1,0.0
4,1,27,3,12,u16le,0,0,1,0
4,1,27,3,12,i16le,0,0,1,0
4,1,27,3,12,u32le,0,0,1,0
4,1,27,3,12,i32le,0,0,1,0
4,1,27,3,12,f32le,0.0,0.0,1,0.0
4,1,27,3,13,u16le,0,0,1,0
4,1,27,3,13,i16le,0,0,1,0
4,1,27,3,13,u32le,0,0,1,0
4,1,27,3,13,i32le,0,0,1,0
4,1,27,3,13,f32le,0.0,0.0,1,0.0
4,1,27,3,14,u16le,0,0,1,0
4,1,27,3,14,i16le,0,0,1,0
4,1,27,3,14,u32le,0,0,1,0
4,1,27,3,14,i32le,0,0,1,0
4,1,27,3,14,f32le,0.0,0.0,1,0.0
4,1,27,3,15,u16le,0,0,1,0
4,1,27,3,15,i16le,0,0,1,0
4,1,27,3,15,u32le,0,0,1,0
4,1,27,3,15,i32le,0,0,1,0
4,1,27,3,15,f32le,0.0,0.0,1,0.0
4,1,27,3,16,u16le,0,0,1,0
4,1,27,3,16,i16le,0,0,1,0
4,1,27,3,16,u32le,0,0,1,0
4,1,27,3,16,i32le,0,0,1,0
4,1,27,3,16,f32le,0.0,0.0,1,0.0
4,1,27,3,17,u16le,0,0,1,0
4,1,27,3,17,i16le,0,0,1,0
4,1,27,3,17,u32le,0,0,1,0
4,1,27,3,17,i32le,0,0,1,0
4,1,27,3,17,f32le,0.0,0.0,1,0.0
4,1,27,3,18,u16le,0,0,1,0
4,1,27,3,18,i16le,0,0,1,0
4,1,27,3,18,u32le,0,0,1,0
4,1,27,3,18,i32le,0,0,1,0
4,1,27,3,18,f32le,0.0,0.0,1,0.0
4,1,27,3,19,u16le,0,0,1,0
4,1,27,3,19,i16le,0,0,1,0
4,1,27,3,19,u32le,0,0,1,0
4,1,27,3,19,i32le,0,0,1,0
4,1,27,3,19,f32le,0.0,0.0,1,0.0
4,1,27,3,20,u16le,0,0,1,0
4,1,27,3,20,i16le,0,0,1,0
4,1,27,3,20,u32le,486539264,486539264,1,486539264
4,1,27,3,20,i32le,486539264,486539264,1,486539264
4,1,27,3,20,f32le,0.0,0.0,1,0.0
4,1,27,3,21,u16le,0,0,1,0
4,1,27,3,21,i16le,0,0,1,0
4,1,27,3,21,u32le,1900544,1900544,1,1900544
4,1,27,3,21,i32le,1900544,1900544,1,1900544
4,1,27,3,21,f32le,0.0,0.0,1,0.0
4,1,27,3,22,u16le,7424,7424,1,7424
4,1,27,3,22,i16le,7424,7424,1,7424
4,1,27,3,22,u32le,16784640,16784640,1,16784640
4,1,27,3,22,i32le,16784640,16784640,1,16784640
4,1,27,3,22,f32le,0.0,0.0,1,0.0
4,1,27,3,23,u16le,29,29,1,29
4,1,27,3,23,i16le,29,29,1,29
4,1,27,3,23,u32le,1610678301,1610678301,1,1610678301
4,1,27,3,23,i32le,1610678301,1610678301,1,1610678301
4,1,27,3,24,u16le,256,256,1,256
4,1,27,3,24,i16le,256,256,1,256
4,1,27,3,24,u32le,2791309568,2791309568,1,2791309568
4,1,27,3,24,i32le,-1503657728,-1503657728,1,-1503657728
4,1,27,3,24,f32le,-0.0,-0.0,1,-0.0
4,1,27,3,25,u16le,24577,24577,1,24577
4,1,27,3,25,i16le,24577,24577,1,24577
4,1,27,3,25,u32le,1000759297,1000759297,1,1000759297
4,1,27,3,25,i32le,1000759297,1000759297,1,1000759297
4,1,27,3,25,f32le,0.005077,0.005077,1,0.005077
4,1,27,3,26,u16le,42592,42592,1,42592
4,1,27,3,26,i16le,-22944,-22944,1,-22944
4,1,27,3,26,u32le,3909216,3909216,1,3909216
4,1,27,3,26,i32le,3909216,3909216,1,3909216
4,1,27,3,26,f32le,0.0,0.0,1,0.0
4,1,27,3,27,u16le,15270,15270,1,15270
4,1,27,3,27,i16le,15270,15270,1,15270
4,1,27,3,27,u32le,15270,15270,1,15270
4,1,27,3,27,i32le,15270,15270,1,15270
4,1,27,3,27,f32le,0.0,0.0,1,0.0
4,1,27,3,28,u16le,59,59,1,59
4,1,27,3,28,i16le,59,59,1,59
4,1,27,3,28,u32le,3254779963,3405774907,2,3254779963 3405774907
4,1,27,3,28,i32le,-1040187333,-889192389,2,-1040187333 -889192389
4,1,27,3,28,f32le,-8388667.0,-32.000225,2,-8388667.0 -32.000225
4,1,27,3,29,u16le,0,0,1,0
4,1,27,3,29,i16le,0,0,1,0
4,1,27,3,29,u32le,1002569728,1003159552,2,1002569728 1003159552
4,1,27,3,29,i32le,1002569728,1003159552,2,1002569728 1003159552
4,1,27,3,29,f32le,0.00592,0.006195,2,0.00592 0.006195
4,1,27,3,30,u16le,49664,51968,2,49664 51968
4,1,27,3,30,i16le,-15872,-13568,2,-15872 -13568
4,1,27,3,30,u32le,3916288,3918592,2,3916288 3918592
4,1,27,3,30,i32le,3916288,3918592,2,3916288 3918592
4,1,27,3,30,f32le,0.0,0.0,1,0.0
4,1,27,3,31,u8,194,203,2,194 203
4,1,27,3,31,i8,-62,-53,2,-62 -53
4,1,27,3,31,u16le,15298,15307,2,15298 15307
4,1,27,3,31,i16le,15298,15307,2,15298 15307
4,1,27,3,31,u32le,15298,15307,2,15298 15307
4,1,27,3,31,i32le,15298,15307,2,15298 15307
4,1,27,3,31,f32le,0.0,0.0,1,0.0
4,1,27,3,32,u16le,59,59,1,59
4,1,27,3,32,i16le,59,59,1,59
4,1,27,3,32,u32le,59,117440571,2,59 117440571
4,1,27,3,32,i32le,59,117440571,2,59 117440571
4,1,27,3,32,f32le,0.0,0.0,1,0.0
4,1,27,3,33,u16le,0,0,1,0
4,1,27,3,33,i16le,0,0,1,0
4,1,27,3,33,u32le,0,458752,2,0 458752
4,1,27,3,33,i32le,0,458752,2,0 458752
4,1,27,3,33,f32le,0.0,0.0,1,0.0
4,1,27,3,34,u16le,0,1792,2,0 1792
4,1,27,3,34,i16le,0,1792,2,0 1792
4,1,27,3,34,u32le,0,1792,2,0 1792
4,1,27,3,34,i32le,0,1792,2,0 1792
4,1,27,3,34,f32le,0.0,0.0,1,0.0
4,1,27,3,35,u8,0,7,2,0 7
4,1,27,3,35,i8,0,7,2,0 7
4,1,27,3,35,u16le,0,7,2,0 7
4,1,27,3,35,i16le,0,7,2,0 7
4,1,27,3,35,u32le,0,7,2,0 7
4,1,27,3,35,i32le,0,7,2,0 7
4,1,27,3,35,f32le,0.0,0.0,1,0.0
4,1,27,3,36,u16le,0,0,1,0
4,1,27,3,36,i16le,0,0,1,0
4,1,27,3,36,u32le,0,1795162112,2,0 1795162112
4,1,27,3,36,i32le,0,1795162112,2,0 1795162112
4,1,27,3,37,u16le,0,0,1,0
4,1,27,3,37,i16le,0,0,1,0
4,1,27,3,37,u32le,0,7012352,2,0 7012352
4,1,27,3,37,i32le,0,7012352,2,0 7012352
4,1,27,3,37,f32le,0.0,0.0,1,0.0
4,1,27,3,38,u16le,0,27392,2,0 27392
4,1,27,3,38,i16le,0,27392,2,0 27392
4,1,27,3,38,u32le,0,27392,2,0 27392
4,1,27,3,38,i32le,0,27392,2,0 27392
4,1,27,3,38,f32le,0.0,0.0,1,0.0
4,1,27,3,39,u8,0,107,2,0 107
4,1,27,3,39,i8,0,107,2,0 107
4,1,27,3,39,u16le,0,107,2,0 107
4,1,27,3,39,i16le,0,107,2,0 107
4,1,27,3,39,u32le,0,107,2,0 107
4,1,27,3,39,i32le,0,107,2,0 107
4,1,27,3,39,f32le,0.0,0.0,1,0.0
4,1,27,3,40,u16le,0,0,1,0
4,1,27,3,40,i16le,0,0,1,0
4,1,27,3,40,u32le,570425344,587202560,2,570425344 587202560
4,1,27,3,40,i32le,570425344,587202560,2,570425344 587202560
4,1,27,3,40,f32le,0.0,0.0,1,0.0
4,1,27,3,41,u16le,0,0,1,0
4,1,27,3,41,i16le,0,0,1,0
4,1,27,3,41,u32le,790757376,790822912,2,790757376 790822912
4,1,27,3,41,i32le,790757376,790822912,2,790757376 790822912
4,1,27,3,41,f32le,0.0,0.0,1,0.0
4,1,27,3,42,u16le,8704,8960,2,8704 8960
4,1,27,3,42,i16le,8704,8960,2,8704 8960
4,1,27,3,42,u32le,3088896,3089152,2,3088896 3089152
4,1,27,3,42,i32le,3088896,3089152,2,3088896 3089152
4,1,27,3,42,f32le,0.0,0.0,1,0.0
4,1,27,3,43,u8,34,35,2,34 35
4,1,27,3,43,i8,34,35,2,34 35
4,1,27,3,43,u16le,12066,12067,2,12066 12067
4,1,27,3,43,i16le,12066,12067,2,12066 12067
4,1,27,3,43,u32le,12066,12067,2,12066 12067
4,1,27,3,43,i32le,12066,12067,2,12066 12067
4,1,27,3,43,f32le,0.0,0.0,1,0.0
4,1,27,3,44,u16le,47,47,1,47
4,1,27,3,44,i16le,47,47,1,47
4,1,27,3,44,u32le,2130706479,2147483695,2,2130706479 2147483695
4,1,27,3,44,i32le,-2147483601,2130706479,2,-2147483601 2130706479
4,1,27,3,45,u16le,0,0,1,0
4,1,27,3,45,i16le,0,0,1,0
4,1,27,3,45,u32le,8323072,8388608,2,8323072 8388608
4,1,27,3,45,i32le,8323072,8388608,2,8323072 8388608
4,1,27,3,45,f32le,0.0,0.0,1,0.0
4,1,27,3,46,u16le,32512,32768,2,32512 32768
4,1,27,3,46,i16le,-32768,32512,2,-32768 32512
4,1,27,3,46,u32le,32512,32768,2,32512 32768
4,1,27,3,46,i32le,32512,32768,2,32512 32768
4,1,27,3,46,f32le,0.0,0.0,1,0.0
4,1,27,3,47,u8,127,128,2,127 128
4,1,27,3,47,i8,-128,127,2,-128 127
4,1,27,3,47,u16le,127,128,2,127 128
4,1,27,3,47,i16le,127,128,2,127 128
4,1,27,3,47,u32le,127,128,2,127 128
4,1,27,3,47,i32le,127,128,2,127 128
4,1,27,3,47,f32le,0.0,0.0,1,0.0
4,1,27,3,48,u16le,0,0,1,0
4,1,27,3,48,i16le,0,0,1,0
4,1,27,3,48,u32le,134217728,134217728,1,134217728
4,1,27,3,48,i32le,134217728,134217728,1,134217728
4,1,27,3,48,f32le,0.0,0.0,1,0.0
4,1,27,3,49,u16le,0,0,1,0
4,1,27,3,49,i16le,0,0,1,0
4,1,27,3,49,u32le,117964800,117964800,1,117964800
4,1,27,3,49,i32le,117964800,117964800,1,117964800
4,1,27,3,49,f32le,0.0,0.0,1,0.0
4,1,27,3,50,u16le,2048,2048,1,2048
4,1,27,3,50,i16le,2048,2048,1,2048
4,1,27,3,50,u32le,460800,460800,1,460800
4,1,27,3,50,i32le,460800,460800,1,460800
4,1,27,3,50,f32le,0.0,0.0,1,0.0
4,1,27,3,51,u16le,1800,1800,1,1800
4,1,27,3,51,i16le,1800,1800,1,1800
4,1,27,3,51,u32le,1800,1800,1,1800
4,1,27,3,51,i32le,1800,1800,1,1800
4,1,27,3,51,f32le,0.0,0.0,1,0.0
4,1,27,3,52,u16le,7,7,1,7
4,1,27,3,52,i16le,7,7,1,7
4,1,27,3,52,u32le,1879048199,1879048199,1,1879048199
4,1,27,3,52,i32le,1879048199,1879048199,1,1879048199
4,1,27,3,53,u16le,0,0,1,0
4,1,27,3,53,i16le,0,0,1,0
4,1,27,3,53,u32le,393216000,393216000,1,393216000
4,1,27,3,53,i32le,393216000,393216000,1,393216000
4,1,27,3,53,f32le,0.0,0.0,1,0.0
4,1,27,3,54,u16le,28672,28672,1,28672
4,1,27,3,54,i16le,28672,28672,1,28672
4,1,27,3,54,u32le,1536000,1536000,1,1536000
4,1,27,3,54,i32le,1536000,1536000,1,1536000
4,1,27,3,54,f32le,0.0,0.0,1,0.0
4,1,27,3,55,u16le,6000,6000,1,6000
4,1,27,3,55,i16le,6000,6000,1,6000
4,1,27,3,55,u32le,6000,6000,1,6000
4,1,27,3,55,i32le,6000,6000,1,6000
4,1,27,3,55,f32le,0.0,0.0,1,0.0
4,1,27,3,56,u16le,23,23,1,23
4,1,27,3,56,i16le,23,23,1,23
4,1,27,3,56,u32le,3472883735,3489660951,2,3472883735 3489660951
4,1,27,3,56,i32le,-822083561,-805306345,2,-822083561 -805306345
4,1,27,3,57,u16le,0,0,1,0
4,1,27,3,57,i16le,0,0,1,0
4,1,27,3,58,u16le,52992,53248,2,52992 53248
4,1,27,3,58,i16le,-12544,-12288,2,-12544 -12288
4,1,27,3,59,u8,207,208,2,207 208
4,1,27,3,59,i8,-49,-48,2,-49 -48
4,1,29,8,4,u16le,256,256,1,256
4,1,29,8,4,i16le,256,256,1,256
4,1,29,8,4,u32le,655616,322896128,2,655616 322896128
4,1,29,8,4,i32le,655616,322896128,2,655616 322896128
4,1,29,8,4,f32le,0.0,0.0,1,0.0
4,1,29,8,5,u16le,2561,16129,2,2561 16129
4,1,29,8,5,i16le,2561,16129,2,2561 16129
4,1,29,8,5,u32le,2561,1261313,2,2561 1261313
4,1,29,8,5,i32le,2561,1261313,2,2561 1261313
4,1,29,8,5,f32le,0.0,0.0,1,0.0
4,1,29,8,6,u8,10,63,2,10 63
4,1,29,8,6,i8,10,63,2,10 63
4,1,29,8,6,u16le,10,4927,2,10 4927
4,1,29,8,6,i16le,10,4927,2,10 4927
4,1,29,8,6,u32le,4927,3909091338,5,4927 654311434 2231369738 3271557130 3909091338
4,1,29,8,6,i32le,-2063597558,654311434,5,-2063597558 -1023410166 -385875958 4927 654311434
4,1,29,8,6,f32le,-128.000153,0.0,2,-128.000153 0.0
4,1,29,8,7,u8,0,19,2,0 19
4,1,29,8,7,i8,0,19,2,0 19
4,1,29,8,7,u16le,0,19,2,0 19
4,1,29,8,7,i16le,0,19,2,0 19
4,1,29,8,7,u32le,126156800,3170893843,6,126156800 130220032 132710400 136773632 3137339411 3170893843
4,1,29,8,7,i32le,-1157627885,136773632,6,-1157627885 -1124073453 126156800 130220032 132710400 136773632
4,1,29,8,7,f32le,-0.03125,0.0,3,-0.03125 -0.001953 0.0
4,1,29,8,8,u16le,0,59648,5,0 9984 34048 49920 59648
4,1,29,8,8,i16le,-31488,9984,5,-31488 -15616 -5888 0 9984
4,1,29,8,8,u32le,492800,12386304,6,492800 508672 518400 534272 12255232 12386304
4,1,29,8,8,i32le,492800,12386304,6,492800 508672 518400 534272 12255232 12386304
4,1,29,8,8,f32le,0.0,0.0,1,0.0
4,1,29,8,9,u8,0,233,5,0 39 133 195 233
4,1,29,8,9,i8,-123,39,5,-123 -61 -23 0 39
4,1,29,8,9,u16le,1925,48384,6,1925 1987 2025 2087 47872 48384
4,1,29,8,9,i16le,-17664,2087,6,-17664 -17152 1925 1987 2025 2087
4,1,29,8,9,u32le,1925,48384,6,1925 1987 2025 2087 47872 48384
4,1,29,8,9,i32le,1925,48384,6,1925 1987 2025 2087 47872 48384
4,1,29,8,9,f32le,0.0,0.0,1,0.0
4,1,29,8,10,u8,7,189,4,7 8 187 189
4,1,29,8,10,i8,-69,8,4,-69 -67 7 8
4,1,29,8,10,u16le,7,189,4,7 8 187 189
4,1,29,8,10,i16le,7,189,4,7 8 187 189
4,1,29,8,10,u32le,187,1879048200,4,187 189 1879048199 1879048200
4,1,29,8,10,i32le,187,1879048200,4,187 189 1879048199 1879048200
4,1,29,8,10,f32le,0.0,0.0,1,0.0
4,1,29,8,11,u16le,0,0,1,0
4,1,29,8,11,i16le,0,0,1,0
4,1,29,8,11,u32le,393216000,1056964608,3,393216000 637534208 1056964608
4,1,29,8,11,i32le,393216000,1056964608,3,393216000 637534208 1056964608
4,1,29,8,11,f32le,0.0,0.5,2,0.0 0.5
4,1,29,8,12,u16le,0,28672,2,0 28672
4,1,29,8,12,i16le,0,28672,2,0 28672
4,1,29,8,12,u32le,1536000,71237632,3,1536000 69599232 71237632
4,1,29,8,12,i32le,1536000,71237632,3,1536000 69599232 71237632
4,1,29,8,12,f32le,0.0,0.0,1,0.0
4,1,29,8,13,u8,0,112,2,0 112
4,1,29,8,13,i8,0,112,2,0 112
4,1,29,8,13,u16le,6000,16128,3,6000 9728 16128
4,1,29,8,13,i16le,6000,16128,3,6000 9728 16128
4,1,29,8,13,u32le,6000,278272,3,6000 271872 278272
4,1,29,8,13,i32le,6000,278272,3,6000 271872 278272
4,1,29,8,13,f32le,0.0,0.0,1,0.0
4,1,29,8,14,u8,23,63,3,23 38 63
4,1,29,8,14,i8,23,63,3,23 38 63
4,1,29,8,14,u16le,23,1087,3,23 1062 1087
4,1,29,8,14,i16le,23,1087,3,23 1062 1087
4,1,29,8,14,u32le,1062,1157627927,3,1062 1087 1157627927
4,1,29,8,14,i32le,1062,1157627927,3,1062 1087 1157627927
4,1,29,8,14,f32le,0.0,2048.005615,2,0.0 2048.005615
4,1,29,8,15,u8,0,4,2,0 4
4,1,29,8,15,i8,0,4,2,0 4
4,1,29,8,15,u16le,0,4,2,0 4
4,1,29,8,15,i16le,0,4,2,0 4
4,1,29,8,15,u32le,4521984,1879048196,2,4521984 1879048196
4,1,29,8,15,i32le,4521984,1879048196,2,4521984 1879048196
4,1,29,8,15,f32le,0.0,0.0,1,0.0
4,1,29,8,16,u16le,0,17664,2,0 17664
4,1,29,8,16,i16le,0,17664,2,0 17664
4,1,29,8,16,u32le,16794880,393216000,2,16794880 393216000
4,1,29,8,16,i32le,16794880,393216000,2,16794880 393216000
4,1,29,8,16,f32le,0.0,0.0,1,0.0
4,1,29,8,17,u8,0,69,2,0 69
4,1,29,8,17,i8,0,69,2,0 69
4,1,29,8,17,u16le,69,28672,2,69 28672
4,1,29,8,17,i16le,69,28672,2,69 28672
4,1,29,8,17,u32le,1536000,1275134021,2,1536000 1275134021
4,1,29,8,17,i32le,1536000,1275134021,2,1536000 1275134021
4,1,29,8,17,f32le,0.0,33816852.0,2,0.0 33816852.0
4,1,29,8,18,u8,0,112,2,0 112
4,1,29,8,18,i8,0,112,2,0 112
4,1,29,8,18,u16le,256,6000,2,256 6000
4,1,29,8,18,i16le,256,6000,2,256 6000
4,1,29,8,18,u32le,6000,2857107712,2,6000 2857107712
4,1,29,8,18,i32le,-1437859584,6000,2,-1437859584 6000
4,1,29,8,18,f32le,-0.0,-0.0,1,-0.0
4,1,29,8,19,u8,1,23,2,1 23
4,1,29,8,19,i8,1,23,2,1 23
4,1,29,8,19,u16le,23,19457,2,23 19457
4,1,29,8,19,i16le,23,19457,2,23 19457
4,1,29,8,19,u32le,1152011265,3405774871,2,1152011265 3405774871
4,1,29,8,19,i32le,-889192425,1152011265,2,-889192425 1152011265
4,1,29,8,19,f32le,-8388631.0,1362.375122,2,-8388631.0 1362.375122
4,1,29,8,20,u8,0,76,2,0 76
4,1,29,8,20,i8,0,76,2,0 76
4,1,29,8,20,u16le,0,43596,2,0 43596
4,1,29,8,20,i16le,-21940,0,2,-21940 0
4,1,29,8,20,u32le,306489932,332070912,2,306489932 332070912
4,1,29,8,20,i32le,306489932,332070912,2,306489932 332070912
4,1,29,8,20,f32le,0.0,0.0,1,0.0
4,1,29,8,21,u8,0,170,2,0 170
4,1,29,8,21,i8,-86,0,2,-86 0
4,1,29,8,21,u16le,17578,51968,2,17578 51968
4,1,29,8,21,i16le,-13568,17578,2,-13568 17578
4,1,29,8,21,u32le,1297152,470959274,2,1297152 470959274
4,1,29,8,21,i32le,1297152,470959274,2,1297152 470959274
4,1,29,8,21,f32le,0.0,0.0,1,0.0
4,1,29,8,22,u8,68,203,2,68 203
4,1,29,8,22,i8,-53,68,2,-53 68
4,1,29,8,22,u16le,4676,5067,2,4676 5067
4,1,29,8,22,i16le,4676,5067,2,4676 5067
4,1,29,8,22,u32le,5067,1696338500,2,5067 1696338500
4,1,29,8,22,i32le,5067,1696338500,2,5067 1696338500
4,1,29,8,22,f32le,0.0,0.0,1,0.0
4,1,29,8,23,u8,18,19,2,18 19
4,1,29,8,23,i8,18,19,2,18 19
4,1,29,8,23,u16le,19,7186,2,19 7186
4,1,29,8,23,i16le,19,7186,2,19 7186
4,1,29,8,23,u32le,19,6626322,2,19 6626322
4,1,29,8,23,i32le,19,6626322,2,19 6626322
4,1,29,8,23,f32le,0.0,0.0,1,0.0
4,1,29,8,24,u8,0,28,2,0 28
4,1,29,8,24,i8,0,28,2,0 28
4,1,29,8,24,u16le,0,25884,2,0 25884
4,1,29,8,24,i16le,0,25884,2,0 25884
4,1,29,8,24,u32le,0,25884,2,0 25884
4,1,29,8,24,i32le,0,25884,2,0 25884
4,1,29,8,24,f32le,0.0,0.0,1,0.0
4,1,29,8,25,u8,0,101,2,0 101
4,1,29,8,25,i8,0,101,2,0 101
4,1,29,8,25,u16le,0,101,2,0 101
4,1,29,8,25,i16le,0,101,2,0 101
4,1,29,8,25,u32le,0,536871013,2,0 536871013
4,1,29,8,25,i32le,0,536871013,2,0 536871013
4,1,29,8,25,f32le,0.0,0.0,1,0.0
4,1,29,8,26,u16le,0,0,1,0
4,1,29,8,26,i16le,0,0,1,0
4,1,29,8,26,u32le,0,740294656,2,0 740294656
4,1,29,8,26,i32le,0,740294656,2,0 740294656
4,1,29,8,26,f32le,0.0,0.0,1,0.0
4,1,29,8,27,u16le,0,8192,2,0 8192
4,1,29,8,27,i16le,0,8192,2,0 8192
4,1,29,8,27,u32le,2891776,33554432,3,2891776 16777216 33554432
4,1,29,8,27,i32le,2891776,33554432,3,2891776 16777216 33554432
4,1,29,8,27,f32le,0.0,0.0,1,0.0
4,1,29,8,28,u8,0,32,2,0 32
4,1,29,8,28,i8,0,32,2,0 32
4,1,29,8,28,u16le,0,11296,2,0 11296
4,1,29,8,28,i16le,0,11296,2,0 11296
4,1,29,8,28,u32le,11296,131072,3,11296 65536 131072
4,1,29,8,28,i32le,11296,131072,3,11296 65536 131072
4,1,29,8,28,f32le,0.0,0.0,1,0.0
4,1,29,8,29,u8,0,44,2,0 44
4,1,29,8,29,i8,0,44,2,0 44
4,1,29,8,29,u16le,44,512,3,44 256 512
4,1,29,8,29,i16le,44,512,3,44 256 512
4,1,29,8,29,u32le,44,512,3,44 256 512
4,1,29,8,29,i32le,44,512,3,44 256 512
4,1,29,8,29,f32le,0.0,0.0,1,0.0
4,1,29,8,30,u8,0,2,3,0 1 2
4,1,29,8,30,i8,0,2,3,0 1 2
4,1,29,8,30,u16le,0,2,3,0 1 2
4,1,29,8,30,i16le,0,2,3,0 1 2
4,1,29,8,30,u32le,1,2969567232,6,1 2 2902458368 2936012800 2952790016 2969567232
4,1,29,8,30,i32le,-1392508928,2,6,-1392508928 -1358954496 -1342177280 -1325400064 1 2
4,1,29,8,30,f32le,-0.0,-0.0,1,-0.0
4,1,29,8,31,u16le,0,0,1,0
4,1,29,8,31,i16le,0,0,1,0
4,1,29,8,31,u32le,1879048192,2024865792,5,1879048192 2024603648 2024734720 2024800256 2024865792
4,1,29,8,31,i32le,1879048192,2024865792,5,1879048192 2024603648 2024734720 2024800256 2024865792
4,1,29,8,32,u16le,0,45312,5,0 44288 44800 45056 45312
4,1,29,8,32,i16le,-21248,0,5,-21248 -20736 -20480 -20224 0
4,1,29,8,32,u32le,393216000,2105061632,5,393216000 2105060608 2105061120 2105061376 2105061632
4,1,29,8,32,i32le,393216000,2105061632,5,393216000 2105060608 2105061120 2105061376 2105061632
4,1,29,8,32,f32le,0.0,0.0,1,0.0
4,1,29,8,33,u8,0,177,5,0 173 175 176 177
4,1,29,8,33,i8,-83,0,5,-83 -81 -80 -79 0
4,1,29,8,33,u16le,28672,30897,5,28672 30893 30895 30896 30897
4,1,29,8,33,i16le,28672,30897,5,28672 30893 30895 30896 30897
4,1,29,8,33,u32le,1536000,159217841,5,1536000 159217837 159217839 159217840 159217841
4,1,29,8,33,i32le,1536000,159217841,5,1536000 159217837 159217839 159217840 159217841
4,1,29,8,33,f32le,0.0,0.0,1,0.0
4,1,29,8,34,u8,112,120,2,112 120
4,1,29,8,34,i8,112,120,2,112 120
4,1,29,8,34,u16le,6000,32120,2,6000 32120
4,1,29,8,34,i16le,6000,32120,2,6000 32120
4,1,29,8,34,u32le,6000,3490282872,5,6000 1477016952 2416541048 2684976504 3490282872
4,1,29,8,34,i32le,-1878426248,1477016952,5,-1878426248 -1609990792 -804684424 6000 1477016952
4,1,29,8,34,f32le,-0.0,-0.0,1,-0.0
4,1,29,8,35,u8,23,125,2,23 125
4,1,29,8,35,i8,23,125,2,23 125
4,1,29,8,35,u16le,23,2429,2,23 2429
4,1,29,8,35,i16le,23,2429,2,23 2429
4,1,29,8,35,u32le,922746903,4070574461,6,922746903 956301335 1439697277 3515877757 3864529277 4070574461
4,1,29,8,35,i32le,-779089539,1439697277,6,-779089539 -430438019 -224392835 922746903 956301335 1439697277
4,1,29,8,35,f32le,8e-06,0.000122,2,8e-06 0.000122
4,1,29,8,36,u8,0,9,2,0 9
4,1,29,8,36,i8,0,9,2,0 9
4,1,29,8,36,u16le,0,53257,5,0 22537 36873 40969 53257
4,1,29,8,36,i16le,-28663,22537,5,-28663 -24567 -12279 0 22537
4,1,29,8,36,u32le,221708288,4075182089,6,221708288 221839360 3989934089 4008878089 4065710089 4075182089
4,1,29,8,36,i32le,-305033207,221839360,6,-305033207 -286089207 -229257207 -219785207 221708288 221839360
4,1,29,8,36,f32le,0.0,0.0,1,0.0
4,1,29,8,37,u8,0,208,5,0 88 144 160 208
4,1,29,8,37,i8,-112,88,5,-112 -96 -48 0 88
4,1,29,8,37,u16le,14080,62112,6,14080 14592 21968 53648 58968 62112
4,1,29,8,37,i16le,-11888,21968,6,-11888 -6568 -3424 14080 14592 21968
4,1,29,8,37,u32le,866048,351463000,6,866048 866560 351130000 351204000 351426000 351463000
4,1,29,8,37,i32le,866048,351463000,6,866048 866560 351130000 351204000 351426000 351463000
4,1,29,8,37,f32le,0.0,0.0,1,0.0
4,1,29,8,38,u8,55,242,6,55 57 85 209 230 242
4,1,29,8,38,i8,-47,85,6,-47 -26 -14 55 57 85
4,1,29,8,38,u16le,3383,62182,6,3383 3385 60881 61170 62037 62182
4,1,29,8,38,i16le,-4655,3385,6,-4655 -4366 -3499 -3354 3383 3385
4,1,29,8,38,u32le,3383,538243814,6,3383 3385 538242513 538242802 538243669 538243814
4,1,29,8,38,i32le,3383,538243814,6,3383 3385 538242513 538242802 538243669 538243814
4,1,29,8,38,f32le,0.0,0.0,1,0.0
4,1,29,8,39,u8,13,242,4,13 237 238 242
4,1,29,8,39,i8,-19,13,4,-19 -18 -14 13
4,1,29,8,39,u16le,13,5362,4,13 5357 5358 5362
4,1,29,8,39,i16le,13,5362,4,13 5357 5358 5362
4,1,29,8,39,u32le,13,1075844338,4,13 1075844333 1075844334 1075844338
4,1,29,8,39,i32le,13,1075844338,4,13 1075844333 1075844334 1075844338
4,1,29,8,39,f32le,0.0,2.501278,3,0.0 2.501277 2.501278
4,1,29,8,40,u8,0,20,2,0 20
4,1,29,8,40,i8,0,20,2,0 20
4,1,29,8,40,u16le,0,8212,2,0 8212
4,1,29,8,40,i16le,0,8212,2,0 8212
4,1,29,8,40,u32le,0,1212162068,2,0 1212162068
4,1,29,8,40,i32le,0,1212162068,2,0 1212162068
4,1,29,8,40,f32le,0.0,196736.3125,2,0.0 196736.3125
4,1,29,8,41,u8,0,32,2,0 32
4,1,29,8,41,i8,0,32,2,0 32
4,1,29,8,41,u16le,0,16416,2,0 16416
4,1,29,8,41,i16le,0,16416,2,0 16416
4,1,29,8,41,u32le,0,38289440,2,0 38289440
4,1,29,8,41,i32le,0,38289440,2,0 38289440
4,1,29,8,41,f32le,0.0,0.0,1,0.0
4,1,29,8,42,u8,0,64,2,0 64
4,1,29,8,42,i8,0,64,2,0 64
4,1,29,8,42,u16le,0,18496,2,0 18496
4,1,29,8,42,i16le,0,18496,2,0 18496
4,1,29,8,42,u32le,0,604129344,2,0 604129344
4,1,29,8,42,i32le,0,604129344,2,0 604129344
4,1,29,8,42,f32le,0.0,0.0,1,0.0
4,1,29,8,43,u8,0,72,2,0 72
4,1,29,8,43,i8,0,72,2,0 72
4,1,29,8,43,u16le,0,584,2,0 584
4,1,29,8,43,i16le,0,584,2,0 584
4,1,29,8,43,u32le,1040187392,2569273928,2,1040187392 2569273928
4,1,29,8,43,i32le,-1725693368,1040187392,2,-1725693368 1040187392
4,1,29,8,43,f32le,-0.0,0.125,2,-0.0 0.125
4,1,29,8,44,u8,0,2,2,0 2
4,1,29,8,44,i8,0,2,2,0 2
4,1,29,8,44,u16le,0,9218,2,0 9218
4,1,29,8,44,i16le,0,9218,2,0 9218
4,1,29,8,44,u32le,4063232,2862162946,2,4063232 2862162946
4,1,29,8,44,i32le,-1432804350,4063232,2,-1432804350 4063232
4,1,29,8,44,f32le,-0.0,-0.0,1,-0.0
4,1,29,8,45,u8,0,36,2,0 36
4,1,29,8,45,i8,0,36,2,0 36
4,1,29,8,45,u16le,15872,39204,2,15872 39204
4,1,29,8,45,i16le,-26332,15872,2,-26332 15872
4,1,29,8,45,u32le,15872,1101699364,2,15872 1101699364
4,1,29,8,45,i32le,15872,1101699364,2,15872 1101699364
4,1,29,8,45,f32le,0.0,21.324776,2,0.0 21.324776
4,1,29,8,46,u8,62,153,2,62 153
4,1,29,8,46,i8,-103,62,2,-103 62
4,1,29,8,46,u16le,62,43673,2,62 43673
4,1,29,8,46,i16le,-21863,62,2,-21863 62
4,1,29,8,46,u32le,62,54635161,2,62 54635161
4,1,29,8,46,i32le,62,54635161,2,62 54635161
4,1,29,8,46,f32le,0.0,0.0,1,0.0
4,1,29,8,47,u8,0,170,2,0 170
4,1,29,8,47,i8,-86,0,2,-86 0
4,1,29,8,47,u16le,0,16810,2,0 16810
4,1,29,8,47,i16le,0,16810,2,0 16810
4,1,29,8,47,u32le,213418,1879048192,2,213418 1879048192
4,1,29,8,47,i32le,213418,1879048192,2,213418 1879048192
4,1,29,8,47,f32le,0.0,0.0,1,0.0
4,1,29,8,48,u8,0,65,2,0 65
4,1,29,8,48,i8,0,65,2,0 65
4,1,29,8,48,u16le,0,833,2,0 833
4,1,29,8,48,i16le,0,833,2,0 833
4,1,29,8,48,u32le,833,393216000,2,833 393216000
4,1,29,8,48,i32le,833,393216000,2,833 393216000
4,1,29,8,48,f32le,0.0,0.0,1,0.0
4,1,29,8,49,u8,0,3,2,0 3
4,1,29,8,49,i8,0,3,2,0 3
4,1,29,8,49,u16le,3,28672,2,3 28672
4,1,29,8,49,i16le,3,28672,2,3 28672
4,1,29,8,49,u32le,3,1536000,2,3 1536000
4,1,29,8,49,i32le,3,1536000,2,3 1536000
4,1,29,8,49,f32le,0.0,0.0,1,0.0
4,1,29,8,50,u8,0,112,2,0 112
4,1,29,8,50,i8,0,112,2,0 112
4,1,29,8,50,u16le,0,6000,2,0 6000
4,1,29,8,50,i16le,0,6000,2,0 6000
4,1,29,8,50,u32le,0,6000,2,0 6000
4,1,29,8,50,i32le,0,6000,2,0 6000
4,1,29,8,50,f32le,0.0,0.0,1,0.0
4,1,29,8,51,u8,0,23,2,0 23
4,1,29,8,51,i8,0,23,2,0 23
4,1,29,8,51,u16le,0,23,2,0 23
4,1,29,8,51,i16le,0,23,2,0 23
4,1,29,8,51,u32le,0,385875991,3,0 369098775 385875991
4,1,29,8,51,i32le,0,385875991,3,0 369098775 385875991
4,1,29,8,51,f32le,0.0,0.0,1,0.0
4,1,29,8,52,u16le,0,0,1,0
4,1,29,8,52,i16le,0,0,1,0
4,1,29,8,52,u32le,0,219611136,3,0 219545600 219611136
4,1,29,8,52,i32le,0,219611136,3,0 219545600 219611136
4,1,29,8,52,f32le,0.0,0.0,1,0.0
4,1,29,8,53,u16le,0,5888,3,0 5632 5888
4,1,29,8,53,i16le,0,5888,3,0 5632 5888
4,1,29,8,53,u32le,0,857856,3,0 857600 857856
4,1,29,8,53,i32le,0,857856,3,0 857600 857856
4,1,29,8,53,f32le,0.0,0.0,1,0.0
4,1,29,8,54,u8,0,23,3,0 22 23
4,1,29,8,54,i8,0,23,3,0 22 23
4,1,29,8,54,u16le,0,3351,3,0 3350 3351
4,1,29,8,54,i16le,0,3351,3,0 3350 3351
4,1,29,8,54,u32le,0,3351,3,0 3350 3351
4,1,29,8,54,i32le,0,3351,3,0 3350 3351
4,1,29,8,54,f32le,0.0,0.0,1,0.0
4,1,29,8,55,u8,0,13,2,0 13
4,1,29,8,55,i8,0,13,2,0 13
4,1,29,8,55,u16le,0,13,2,0 13
4,1,29,8,55,i16le,0,13,2,0 13
4,1,29,8,55,u32le,0,1107296269,5,0 603979789 637534221 855638029 1107296269
4,1,29,8,55,i32le,0,1107296269,5,0 603979789 637534221 855638029 1107296269
4,1,29,8,55,f32le,0.0,32.00005,2,0.0 32.00005
4,1,29,8,56,u16le,0,0,1,0
4,1,29,8,56,i16le,0,0,1,0
4,1,29,8,56,u32le,0,37879808,5,0 35913728 36044800 36896768 37879808
4,1,29,8,56,i32le,0,37879808,5,0 35913728 36044800 36896768 37879808
4,1,29,8,56,f32le,0.0,0.0,1,0.0
4,1,29,8,57,u16le,0,16896,5,0 9216 9728 13056 16896
4,1,29,8,57,i16le,0,16896,5,0 9216 9728 13056 16896
4,1,29,8,58,u8,0,66,5,0 36 38 51 66
4,1,29,8,58,i8,0,66,5,0 36 38 51 66
4,1,29,8,58,u16le,0,578,5,0 548 550 563 578
4,1,29,8,58,i16le,0,578,5,0 548 550 563 578
4,1,29,8,59,u8,0,2,2,0 2
4,1,29,8,59,i8,0,2,2,0 2
4,1,69,5,4,u16le,256,256,1,256
4,1,69,5,4,i16le,256,256,1,256
4,1,69,5,4,u32le,2425088,2425088,1,2425088
4,1,69,5,4,i32le,2425088,2425088,1,2425088
4,1,69,5,4,f32le,0.0,0.0,1,0.0
4,1,69,5,5,u16le,9473,9473,1,9473
4,1,69,5,5,i16le,9473,9473,1,9473
4,1,69,5,5,u32le,805315841,805315841,1,805315841
4,1,69,5,5,i32le,805315841,805315841,1,805315841
4,1,69,5,5,f32le,0.0,0.0,1,0.0
4,1,69,5,6,u16le,37,37,1,37
4,1,69,5,6,i16le,37,37,1,37
4,1,69,5,6,u32le,1764753445,1764753445,1,1764753445
4,1,69,5,6,i32le,1764753445,1764753445,1,1764753445
4,1,69,5,7,u16le,12288,12288,1,12288
4,1,69,5,7,i16le,12288,12288,1,12288
4,1,69,5,7,u32le,1198075904,1198075904,1,1198075904
4,1,69,5,7,i32le,1198075904,1198075904,1,1198075904
4,1,69,5,7,f32le,59696.0,59696.0,1,59696.0
4,1,69,5,8,u16le,26928,26928,1,26928
4,1,69,5,8,i16le,26928,26928,1,26928
4,1,69,5,8,u32le,3779553584,3779553584,1,3779553584
4,1,69,5,8,i32le,-515413712,-515413712,1,-515413712
4,1,69,5,9,u16le,18281,18281,1,18281
4,1,69,5,9,i16le,18281,18281,1,18281
4,1,69,5,9,u32le,1189169001,1189169001,1,1189169001
4,1,69,5,9,i32le,1189169001,1189169001,1,1189169001
4,1,69,5,9,f32le,28835.705078,28835.705078,1,28835.705078
4,1,69,5,10,u16le,57671,57671,1,57671
4,1,69,5,10,i16le,-7865,-7865,1,-7865
4,1,69,5,10,u32le,3695632711,3695632711,1,3695632711
4,1,69,5,10,i32le,-599334585,-599334585,1,-599334585
4,1,69,5,11,u16le,18145,18145,1,18145
4,1,69,5,11,i16le,18145,18145,1,18145
4,1,69,5,11,u32le,903628513,903628513,1,903628513
4,1,69,5,11,i32le,903628513,903628513,1,903628513
4,1,69,5,11,f32le,2e-06,2e-06,1,2e-06
4,1,69,5,12,u16le,56390,56390,1,56390
4,1,69,5,12,i16le,-9146,-9146,1,-9146
4,1,69,5,12,u32le,1060494406,1060494406,1,1060494406
4,1,69,5,12,i32le,1060494406,1060494406,1,1060494406
4,1,69,5,12,f32le,0.710392,0.710392,1,0.710392
4,1,69,5,13,u16le,13788,13788,1,13788
4,1,69,5,13,i16le,13788,13788,1,13788
4,1,69,5,13,u32le,1044329948,1044329948,1,1044329948
4,1,69,5,13,i32le,1044329948,1044329948,1,1044329948
4,1,69,5,13,f32le,0.186729,0.186729,1,0.186729
4,1,69,5,14,u16le,16181,16181,1,16181
4,1,69,5,14,i16le,16181,16181,1,16181
4,1,69,5,14,u32le,389955381,389955381,1,389955381
4,1,69,5,14,i32le,389955381,389955381,1,389955381
4,1,69,5,14,f32le,0.0,0.0,1,0.0
4,1,69,5,15,u16le,15935,15935,1,15935
4,1,69,5,15,i16le,15935,15935,1,15935
4,1,69,5,15,u32le,1523263,1523263,1,1523263
4,1,69,5,15,i32le,1523263,1523263,1,1523263
4,1,69,5,15,f32le,0.0,0.0,1,0.0
4,1,69,5,16,u16le,5950,5950,1,5950
4,1,69,5,16,i16le,5950,5950,1,5950
4,1,69,5,16,u32le,5950,5950,1,5950
4,1,69,5,16,i32le,5950,5950,1,5950
4,1,69,5,16,f32le,0.0,0.0,1,0.0
4,1,69,5,17,u16le,23,23,1,23
4,1,69,5,17,i16le,23,23,1,23
4,1,69,5,17,u32le,23,23,1,23
4,1,69,5,17,i32le,23,23,1,23
4,1,69,5,17,f32le,0.0,0.0,1,0.0
4,1,69,5,18,u16le,0,0,1,0
4,1,69,5,18,i16le,0,0,1,0
4,1,69,5,18,u32le,0,0,1,0
4,1,69,5,18,i32le,0,0,1,0
4,1,69,5,18,f32le,0.0,0.0,1,0.0
4,1,69,5,19,u16le,0,0,1,0
4,1,69,5,19,i16le,0,0,1,0
4,1,69,5,19,u32le,838860800,838860800,1,838860800
4,1,69,5,19,i32le,838860800,838860800,1,838860800
4,1,69,5,19,f32le,0.0,0.0,1,0.0
4,1,69,5,20,u16le,0,0,1,0
4,1,69,5,20,i16le,0,0,1,0
4,1,69,5,20,u32le,3224502272,3224502272,1,3224502272
4,1,69,5,20,i32le,-1070465024,-1070465024,1,-1070465024
4,1,69,5,20,f32le,-2.78125,-2.78125,1,-2.78125
4,1,69,5,21,u16le,12800,12800,1,12800
4,1,69,5,21,i16le,12800,12800,1,12800
4,1,69,5,21,u32le,3938464256,3938464256,1,3938464256
4,1,69,5,21,i32le,-356503040,-356503040,1,-356503040
4,1,69,5,22,u16le,49202,49202,1,49202
4,1,69,5,22,i16le,-16334,-16334,1,-16334
4,1,69,5,22,u32le,132825138,132825138,1,132825138
4,1,69,5,22,i32le,132825138,132825138,1,132825138
4,1,69,5,22,f32le,0.0,0.0,1,0.0
4,1,69,5,23,u16le,60096,60096,1,60096
4,1,69,5,23,i16le,-5440,-5440,1,-5440
4,1,69,5,23,u32le,518848,518848,1,518848
4,1,69,5,23,i32le,518848,518848,1,518848
4,1,69,5,23,f32le,0.0,0.0,1,0.0
4,1,69,5,24,u16le,2026,2026,1,2026
4,1,69,5,24,i16le,2026,2026,1,2026
4,1,69,5,24,u32le,2026,2026,1,2026
4,1,69,5,24,i32le,2026,2026,1,2026
4,1,69,5,24,f32le,0.0,0.0,1,0.0
4,1,69,5,25,u16le,7,7,1,7
4,1,69,5,25,i16le,7,7,1,7
4,1,69,5,25,u32le,117440519,117440519,1,117440519
4,1,69,5,25,i32le,117440519,117440519,1,117440519
4,1,69,5,25,f32le,0.0,0.0,1,0.0
4,1,69,5,26,u16le,0,0,1,0
4,1,69,5,26,i16le,0,0,1,0
4,1,69,5,26,u32le,503775232,503775232,1,503775232
4,1,69,5,26,i32le,503775232,503775232,1,503775232
4,1,69,5,26,f32le,0.0,0.0,1,0.0
4,1,69,5,27,u16le,1792,1792,1,1792
4,1,69,5,27,i16le,1792,1792,1,1792
4,1,69,5,27,u32le,18745088,18745088,1,18745088
4,1,69,5,27,i32le,18745088,18745088,1,18745088
4,1,69,5,27,f32le,0.0,0.0,1,0.0
4,1,69,5,28,u16le,7687,7687,1,7687
4,1,69,5,28,i16le,7687,7687,1,7687
4,1,69,5,28,u32le,520166919,604052999,5,520166919 553721351 570498567 587275783 604052999
4,1,69,5,28,i32le,520166919,604052999,5,520166919 553721351 570498567 587275783 604052999
4,1,69,5,28,f32le,0.0,0.0,1,0.0
4,1,69,5,29,u16le,286,286,1,286
4,1,69,5,29,i16le,286,286,1,286
4,1,69,5,29,u32le,136249630,3760455966,5,136249630 136446238 1478557982 3089301790 3760455966
4,1,69,5,29,i32le,-1205665506,1478557982,5,-1205665506 -534511330 136249630 136446238 1478557982
4,1,69,5,29,f32le,-3.9e-05,0.0,2,-3.9e-05 0.0
4,1,69,5,30,u16le,7937,9217,5,7937 8449 8705 8961 9217
4,1,69,5,30,i16le,7937,9217,5,7937 8449 8705 8961 9217
4,1,69,5,30,u32le,458760449,3473415937,5,458760449 786441217 1376264705 2293768961 3473415937
4,1,69,5,30,i32le,-2001198335,1376264705,5,-2001198335 -821551359 458760449 786441217 1376264705
4,1,69,5,30,f32le,0.0,0.0,1,0.0
4,1,69,5,31,u8,31,36,5,31 33 34 35 36
4,1,69,5,31,i8,31,36,5,31 33 34 35 36
4,1,69,5,31,u16le,2079,57380,5,2079 2082 22561 47139 57380
4,1,69,5,31,i16le,-18397,22561,5,-18397 -8156 2079 2082 22561
4,1,69,5,31,u32le,1792033,13568031,5,1792033 3072036 5376034 8960035 13568031
4,1,69,5,31,i32le,1792033,13568031,5,1792033 3072036 5376034 8960035 13568031
4,1,69,5,31,f32le,0.0,0.0,1,0.0
4,1,69,5,32,u8,8,224,4,8 88 184 224
4,1,69,5,32,i8,-72,88,4,-72 -32 8 88
4,1,69,5,32,u16le,7000,53000,5,7000 12000 21000 35000 53000
4,1,69,5,32,i16le,-30536,21000,5,-30536 -12536 7000 12000 21000
4,1,69,5,32,u32le,7000,53000,5,7000 12000 21000 35000 53000
4,1,69,5,32,i32le,7000,53000,5,7000 12000 21000 35000 53000
4,1,69,5,32,f32le,0.0,0.0,1,0.0
4,1,69,5,33,u8,27,207,5,27 46 82 136 207
4,1,69,5,33,i8,-120,82,5,-120 -49 27 46 82
4,1,69,5,33,u16le,27,207,5,27 46 82 136 207
4,1,69,5,33,i16le,27,207,5,27 46 82 136 207
4,1,69,5,33,u32le,16777243,16777423,5,16777243 16777262 16777298 16777352 16777423
4,1,69,5,33,i32le,16777243,16777423,5,16777243 16777262 16777298 16777352 16777423
4,1,69,5,33,f32le,0.0,0.0,1,0.0
4,1,69,5,34,u16le,0,0,1,0
4,1,69,5,34,i16le,0,0,1,0
4,1,69,5,34,u32le,65536,65536,1,65536
4,1,69,5,34,i32le,65536,65536,1,65536
4,1,69,5,34,f32le,0.0,0.0,1,0.0
4,1,69,5,35,u16le,256,256,1,256
4,1,69,5,35,i16le,256,256,1,256
4,1,69,5,35,u32le,256,256,1,256
4,1,69,5,35,i32le,256,256,1,256
4,1,69,5,35,f32le,0.0,0.0,1,0.0
4,1,69,5,36,u16le,1,1,1,1
4,1,69,5,36,i16le,1,1,1,1
4,1,69,5,36,u32le,1,1,1,1
4,1,69,5,36,i32le,1,1,1,1
4,1,69,5,36,f32le,0.0,0.0,1,0.0
4,1,69,5,37,u16le,0,0,1,0
4,1,69,5,37,i16le,0,0,1,0
4,1,69,5,37,u32le,1023410176,2449473536,4,1023410176 1207959552 1845493760 2449473536
4,1,69,5,37,i32le,-1845493760,1845493760,4,-1845493760 1023410176 1207959552 1845493760
4,1,69,5,37,f32le,-0.0,131072.0,3,-0.0 0.03125 131072.0
4,1,69,5,38,u16le,0,0,1,0
4,1,69,5,38,i16le,0,0,1,0
4,1,69,5,38,u32le,1267859456,3225223168,5,1267859456 2710700032 3175612416 3211657216 3225223168
4,1,69,5,38,i32le,-1584267264,1267859456,5,-1584267264 -1119354880 -1083310080 -1069744128 1267859456
4,1,69,5,38,f32le,-2.953125,19136512.0,5,-2.953125 -0.929688 -0.048828 -0.0 19136512.0
4,1,69,5,39,u16le,15616,37376,4,15616 18432 28160 37376
4,1,69,5,39,i16le,-28160,28160,4,-28160 15616 18432 28160
4,1,69,5,39,u32le,273388032,4022353152,5,273388032 648122880 2612873216 3300879872 4022353152
4,1,69,5,39,i32le,-1682094080,648122880,5,-1682094080 -994087424 -272614144 273388032 648122880
4,1,69,5,39,f32le,-1531.4375,0.0,2,-1531.4375 0.0
4,1,69,5,40,u8,61,146,4,61 72 110 146
4,1,69,5,40,i8,-110,110,4,-110 61 72 110
4,1,69,5,40,u16le,19346,49213,5,19346 41362 48456 49006 49213
4,1,69,5,40,i16le,-24174,19346,5,-24174 -17080 -16530 -16323 19346
4,1,69,5,40,u32le,1025941906,4159684669,5,1025941906 1654373704 2249214866 3301228398 4159684669
4,1,69,5,40,i32le,-2045752430,1654373704,5,-2045752430 -993738898 -135282627 1025941906 1654373704
4,1,69,5,40,f32le,-1573.982178,0.040681,3,-1573.982178 -0.0 0.040681
4,1,69,5,41,u8,75,192,5,75 161 189 191 192
4,1,69,5,41,i8,-95,75,5,-95 -67 -65 -64 75
4,1,69,5,41,u16le,4171,61376,5,4171 9889 39869 50367 61376
4,1,69,5,41,i16le,-25667,9889,5,-25667 -15169 -4160 4171 9889
4,1,69,5,41,u32le,1178412705,1190653888,5,1178412705 1180867517 1183191115 1187300543 1190653888
4,1,69,5,41,i32le,1178412705,1190653888,5,1178412705 1180867517 1183191115 1187300543 1190653888
4,1,69,5,41,f32le,12105.657227,31735.875,5,12105.657227 14502.93457 17160.146484 25186.373047 31735.875
4,1,69,5,42,u8,16,239,5,16 38 155 196 239
4,1,69,5,42,i8,-101,38,5,-101 -60 -17 16 38
4,1,69,5,42,u16le,15654,63471,5,15654 25243 34320 50372 63471
4,1,69,5,42,i16le,-31216,25243,5,-31216 -15164 -2065 15654 25243
4,1,69,5,42,u32le,4603174,4650991,5,4603174 4612763 4621840 4637892 4650991
4,1,69,5,42,i32le,4603174,4650991,5,4603174 4612763 4621840 4637892 4650991
4,1,69,5,42,f32le,0.0,0.0,1,0.0
4,1,69,5,43,u8,61,247,5,61 98 134 196 247
4,1,69,5,43,i8,-122,98,5,-122 -60 -9 61 98
4,1,69,5,43,u16le,17981,18167,5,17981 18018 18054 18116 18167
4,1,69,5,43,i16le,17981,18167,5,17981 18018 18054 18116 18167
4,1,69,5,43,u32le,16795197,16795383,5,16795197 16795234 16795270 16795332 16795383
4,1,69,5,43,i32le,16795197,16795383,5,16795197 16795234 16795270 16795332 16795383
4,1,69,5,43,f32le,0.0,0.0,1,0.0
4,1,69,5,44,u16le,70,70,1,70
4,1,69,5,44,i16le,70,70,1,70
4,1,69,5,44,u32le,2415984710,2415984710,1,2415984710
4,1,69,5,44,i32le,-1878982586,-1878982586,1,-1878982586
4,1,69,5,44,f32le,-0.0,-0.0,1,-0.0
4,1,69,5,45,u16le,256,256,1,256
4,1,69,5,45,i16le,256,256,1,256
4,1,69,5,45,u32le,2861564160,2861564160,1,2861564160
4,1,69,5,45,i32le,-1433403136,-1433403136,1,-1433403136
4,1,69,5,45,f32le,-0.0,-0.0,1,-0.0
4,1,69,5,46,u16le,36865,36865,1,36865
4,1,69,5,46,i16le,-28671,-28671,1,-28671
4,1,69,5,46,u32le,1152028673,1152028673,1,1152028673
4,1,69,5,46,i32le,1152028673,1152028673,1,1152028673
4,1,69,5,46,f32le,1364.500122,1364.500122,1,1364.500122
4,1,69,5,47,u16le,43664,43664,1,43664
4,1,69,5,47,i16le,-21872,-21872,1,-21872
4,1,69,5,47,u32le,306490000,306490000,1,306490000
4,1,69,5,47,i32le,306490000,306490000,1,306490000
4,1,69,5,47,f32le,0.0,0.0,1,0.0
4,1,69,5,48,u16le,17578,17578,1,17578
4,1,69,5,48,i16le,17578,17578,1,17578
4,1,69,5,48,u32le,470959274,470959274,1,470959274
4,1,69,5,48,i32le,470959274,470959274,1,470959274
4,1,69,5,48,f32le,0.0,0.0,1,0.0
4,1,69,5,49,u16le,4676,4676,1,4676
4,1,69,5,49,i16le,4676,4676,1,4676
4,1,69,5,49,u32le,4045148740,4045148740,1,4045148740
4,1,69,5,49,i32le,-249818556,-249818556,1,-249818556
4,1,69,5,50,u16le,7186,7186,1,7186
4,1,69,5,50,i16le,7186,7186,1,7186
4,1,69,5,50,u32le,15801362,15801362,1,15801362
4,1,69,5,50,i32le,15801362,15801362,1,15801362
4,1,69,5,50,f32le,0.0,0.0,1,0.0
4,1,69,5,51,u16le,61724,61724,1,61724
4,1,69,5,51,i16le,-3812,-3812,1,-3812
4,1,69,5,51,u32le,61724,61724,1,61724
4,1,69,5,51,i32le,61724,61724,1,61724
4,1,69,5,51,f32le,0.0,0.0,1,0.0
4,1,69,5,52,u16le,241,241,1,241
4,1,69,5,52,i16le,241,241,1,241
4,1,69,5,52,u32le,536871153,536871153,1,536871153
4,1,69,5,52,i32le,536871153,536871153,1,536871153
4,1,69,5,52,f32le,0.0,0.0,1,0.0
4,1,69,5,53,u16le,0,0,1,0
4,1,69,5,53,i16le,0,0,1,0
4,1,69,5,53,u32le,1881145344,1881145344,1,1881145344
4,1,69,5,53,i32le,1881145344,1881145344,1,1881145344
4,1,69,5,54,u16le,8192,8192,1,8192
4,1,69,5,54,i16le,8192,8192,1,8192
4,1,69,5,54,u32le,7348224,7348224,1,7348224
4,1,69,5,54,i32le,7348224,7348224,1,7348224
4,1,69,5,54,f32le,0.0,0.0,1,0.0
4,1,69,5,55,u16le,28704,28704,1,28704
4,1,69,5,55,i16le,28704,28704,1,28704
4,1,69,5,55,u32le,28704,28704,1,28704
4,1,69,5,55,i32le,28704,28704,1,28704
4,1,69,5,55,f32le,0.0,0.0,1,0.0
4,1,69,5,56,u16le,112,112,1,112
4,1,69,5,56,i16le,112,112,1,112
4,1,69,5,56,u32le,112,112,1,112
4,1,69,5,56,i32le,112,112,1,112
4,1,69,5,56,f32le,0.0,0.0,1,0.0
4,1,69,5,57,u16le,0,0,1,0
4,1,69,5,57,i16le,0,0,1,0
4,1,69,5,58,u16le,0,0,1,0
4,1,69,5,58,i16le,0,0,1,0
4,1,70,14,4,u16le,256,256,1,256
4,1,70,14,4,i16le,256,256,1,256
4,1,70,14,4,u32le,1704192,3045327104,6,1704192 5177600 2978218240 3011772672 3028549888 3045327104
4,1,70,14,4,i32le,-1316749056,5177600,6,-1316749056 -1283194624 -1266417408 -1249640192 1704192 5177600
4,1,70,14,4,f32le,-1e-06,0.0,2,-1e-06 0.0
4,1,70,14,5,u16le,6657,33793,3,6657 20225 33793
4,1,70,14,5,i16le,-31743,20225,3,-31743 6657 20225
4,1,70,14,5,u32le,6657,2025161729,6,6657 20225 2024899585 2025030657 2025096193 2025161729
4,1,70,14,5,i32le,6657,2025161729,6,6657 20225 2024899585 2025030657 2025096193 2025161729
4,1,70,14,5,f32le,0.0,0.0,1,0.0
4,1,70,14,6,u8,26,132,3,26 79 132
4,1,70,14,6,i8,-124,79,3,-124 26 79
4,1,70,14,6,u16le,26,46468,6,26 79 45444 45956 46212 46468
4,1,70,14,6,i16le,-20092,79,6,-20092 -19580 -19324 -19068 26 79
4,1,70,14,6,u32le,26,2105062788,6,26 79 2105061764 2105062276 2105062532 2105062788
4,1,70,14,6,i32le,26,2105062788,6,26 79 2105061764 2105062276 2105062532 2105062788
4,1,70,14,6,f32le,0.0,0.0,1,0.0
4,1,70,14,7,u8,0,181,5,0 177 179 180 181
4,1,70,14,7,i8,-79,0,5,-79 -77 -76 -75 0
4,1,70,14,7,u16le,0,30901,5,0 30897 30899 30900 30901
4,1,70,14,7,i16le,0,30901,5,0 30897 30899 30900 30901
4,1,70,14,7,u32le,0,159217845,5,0 159217841 159217843 159217844 159217845
4,1,70,14,7,i32le,0,159217845,5,0 159217841 159217843 159217844 159217845
4,1,70,14,7,f32le,0.0,0.0,1,0.0
4,1,70,14,8,u8,0,120,2,0 120
4,1,70,14,8,i8,0,120,2,0 120
4,1,70,14,8,u16le,0,32120,2,0 32120
4,1,70,14,8,i16le,0,32120,2,0 32120
4,1,70,14,8,u32le,0,3356065144,6,0 1074363768 2550758776 2819194232 3087629688 3356065144
4,1,70,14,8,i32le,-1744208520,1074363768,6,-1744208520 -1475773064 -1207337608 -938902152 0 1074363768
4,1,70,14,8,f32le,-140789.875,2.148283,4,-140789.875 -3.3e-05 0.0 2.148283
4,1,70,14,9,u8,0,125,2,0 125
4,1,70,14,9,i8,0,125,2,0 125
4,1,70,14,9,u16le,0,2429,2,0 2429
4,1,70,14,9,i16le,0,2429,2,0 2429
4,1,70,14,9,u32le,0,4188539261,6,0 448268669 1002965373 2873100669 3633842557 4188539261
4,1,70,14,9,i32le,-1421866627,1002965373,6,-1421866627 -661124739 -106428035 0 448268669 1002965373
4,1,70,14,9,f32le,0.0,0.006105,2,0.0 0.006105
4,1,70,14,10,u8,0,9,2,0 9
4,1,70,14,10,i8,0,9,2,0 9
4,1,70,14,10,u16le,0,51209,6,0 16393 38921 43017 47113 51209
4,1,70,14,10,i16le,-26615,16393,6,-26615 -22519 -18423 -14327 0 16393
4,1,70,14,10,u32le,0,4047226889,6,0 3990394889 4009338889 4028282889 4037754889 4047226889
4,1,70,14,10,i32le,-304572407,0,6,-304572407 -285628407 -266684407 -257212407 -247740407 0
4,1,70,14,10,f32le,0.0,0.0,1,0.0
4,1,70,14,11,u8,0,200,6,0 64 152 168 184 200
4,1,70,14,11,i8,-104,64,6,-104 -88 -72 -56 0 64
4,1,70,14,11,u16le,0,63912,6,0 6840 15304 43840 55448 63912
4,1,70,14,11,i16le,-21696,15304,6,-21696 -10088 -1624 0 6840 15304
4,1,70,14,11,u32le,0,351353800,7,0 16777216 351131800 351205800 351279800 351316800 351353800
4,1,70,14,11,i32le,0,351353800,7,0 16777216 351131800 351205800 351279800 351316800 351353800
4,1,70,14,11,f32le,0.0,0.0,1,0.0
4,1,70,14,12,u8,0,249,6,0 26 59 171 216 249
4,1,70,14,12,i8,-85,59,6,-85 -40 -7 0 26 59
4,1,70,14,12,u16le,0,61755,6,0 60888 61177 61466 61611 61755
4,1,70,14,12,i16le,-4648,0,6,-4648 -4359 -4070 -3925 -3781 0
4,1,70,14,12,u32le,0,538243387,7,0 65536 538242520 538242809 538243098 538243243 538243387
4,1,70,14,12,i32le,0,538243387,7,0 65536 538242520 538242809 538243098 538243243 538243387
4,1,70,14,12,f32le,0.0,0.0,1,0.0
4,1,70,14,13,u8,0,241,5,0 237 238 240 241
4,1,70,14,13,i8,-19,0,5,-19 -18 -16 -15 0
4,1,70,14,13,u16le,0,5361,6,0 256 5357 5358 5360 5361
4,1,70,14,13,i16le,0,5361,6,0 256 5357 5358 5360 5361
4,1,70,14,13,u32le,0,1075844337,6,0 256 1075844333 1075844334 1075844336 1075844337
4,1,70,14,13,i32le,0,1075844337,6,0 256 1075844333 1075844334 1075844336 1075844337
4,1,70,14,13,f32le,0.0,2.501278,3,0.0 2.501277 2.501278
4,1,70,14,14,u8,0,20,3,0 1 20
4,1,70,14,14,i8,0,20,3,0 1 20
4,1,70,14,14,u16le,0,8212,3,0 1 8212
4,1,70,14,14,i16le,0,8212,3,0 1 8212
4,1,70,14,14,u32le,0,1212162068,3,0 1 1212162068
4,1,70,14,14,i32le,0,1212162068,3,0 1 1212162068
4,1,70,14,14,f32le,0.0,196736.3125,2,0.0 196736.3125
4,1,70,14,15,u8,0,32,2,0 32
4,1,70,14,15,i8,0,32,2,0 32
4,1,70,14,15,u16le,0,16416,2,0 16416
4,1,70,14,15,i16le,0,16416,2,0 16416
4,1,70,14,15,u32le,0,38289440,2,0 38289440
4,1,70,14,15,i32le,0,38289440,2,0 38289440
4,1,70,14,15,f32le,0.0,0.0,1,0.0
4,1,70,14,16,u8,0,64,2,0 64
4,1,70,14,16,i8,0,64,2,0 64
4,1,70,14,16,u16le,0,18496,2,0 18496
4,1,70,14,16,i16le,0,18496,2,0 18496
4,1,70,14,16,u32le,0,3473033280,2,0 3473033280
4,1,70,14,16,i32le,-821934016,0,2,-821934016 0
4,1,70,14,16,f32le,0.0,0.0,1,0.0
4,1,70,14,17,u8,0,72,2,0 72
4,1,70,14,17,i8,0,72,2,0 72
4,1,70,14,17,u16le,0,584,2,0 584
4,1,70,14,17,i16le,0,584,2,0 584
4,1,70,14,17,u32le,0,1154417224,2,0 1154417224
4,1,70,14,17,i32le,0,1154417224,2,0 1154417224
4,1,70,14,17,f32le,0.0,1656.071289,2,0.0 1656.071289
4,1,70,14,18,u8,0,2,2,0 2
4,1,70,14,18,i8,0,2,2,0 2
4,1,70,14,18,u16le,0,52994,2,0 52994
4,1,70,14,18,i16le,-12542,0,2,-12542 0
4,1,70,14,18,u32le,0,2856636162,2,0 2856636162
4,1,70,14,18,i32le,-1438331134,0,2,-1438331134 0
4,1,70,14,18,f32le,0.0,0.0,1,0.0
4,1,70,14,19,u8,0,207,2,0 207
4,1,70,14,19,i8,-49,0,2,-49 0
4,1,70,14,19,u16le,0,17615,2,0 17615
4,1,70,14,19,i16le,0,17615,2,0 17615
4,1,70,14,19,u32le,0,1101677775,2,0 1101677775
4,1,70,14,19,i32le,0,1101677775,2,0 1101677775
4,1,70,14,19,f32le,0.0,21.283598,2,0.0 21.283598
4,1,70,14,20,u8,0,68,2,0 68
4,1,70,14,20,i8,0,68,2,0 68
4,1,70,14,20,u16le,0,43588,2,0 43588
4,1,70,14,20,i16le,-21948,0,2,-21948 0
4,1,70,14,20,u32le,0,21080644,2,0 21080644
4,1,70,14,20,i32le,0,21080644,2,0 21080644
4,1,70,14,20,f32le,0.0,0.0,1,0.0
4,1,70,14,21,u8,0,170,2,0 170
4,1,70,14,21,i8,-86,0,2,-86 0
4,1,70,14,21,u16le,0,16810,2,0 16810
4,1,70,14,21,i16le,0,16810,2,0 16810
4,1,70,14,21,u32le,0,82346,2,0 82346
4,1,70,14,21,i32le,0,82346,2,0 82346
4,1,70,14,21,f32le,0.0,0.0,1,0.0
4,1,70,14,22,u8,0,65,2,0 65
4,1,70,14,22,i8,0,65,2,0 65
4,1,70,14,22,u16le,0,321,2,0 321
4,1,70,14,22,i16le,0,321,2,0 321
4,1,70,14,22,u32le,0,321,2,0 321
4,1,70,14,22,i32le,0,321,2,0 321
4,1,70,14,22,f32le,0.0,0.0,1,0.0
4,1,70,14,23,u8,0,1,2,0 1
4,1,70,14,23,i8,0,1,2,0 1
4,1,70,14,23,u16le,0,1,2,0 1
4,1,70,14,23,i16le,0,1,2,0 1
4,1,70,14,23,u32le,0,1,2,0 1
4,1,70,14,23,i32le,0,1,2,0 1
4,1,70,14,23,f32le,0.0,0.0,1,0.0
4,1,70,14,24,u16le,0,0,1,0
4,1,70,14,24,i16le,0,0,1,0
4,1,70,14,24,u32le,0,0,1,0
4,1,70,14,24,i32le,0,0,1,0
4,1,70,14,24,f32le,0.0,0.0,1,0.0
4,1,70,14,25,u16le,0,0,1,0
4,1,70,14,25,i16le,0,0,1,0
4,1,70,14,25,u32le,0,0,1,0
4,1,70,14,25,i32le,0,0,1,0
4,1,70,14,25,f32le,0.0,0.0,1,0.0
4,1,70,14,26,u16le,0,0,1,0
4,1,70,14,26,i16le,0,0,1,0
4,1,70,14,26,u32le,0,3590324224,3,0 2130706432 3590324224
4,1,70,14,26,i32le,-704643072,2130706432,3,-704643072 0 2130706432
4,1,70,14,26,f32le,0.0,0.0,1,0.0
4,1,70,14,27,u16le,0,0,1,0
4,1,70,14,27,i16le,0,0,1,0
4,1,70,14,27,u32le,0,1238761472,3,0 293535744 1238761472
4,1,70,14,27,i32le,0,1238761472,3,0 293535744 1238761472
4,1,70,14,27,f32le,0.0,1753088.0,2,0.0 1753088.0
4,1,70,14,28,u16le,0,54784,3,0 32512 54784
4,1,70,14,28,i16le,-10752,32512,3,-10752 0 32512
4,1,70,14,28,u32le,0,3645494784,3,0 2467397376 3645494784
4,1,70,14,28,i32le,-1827569920,0,3,-1827569920 -649472512 0
4,1,70,14,28,f32le,0.0,0.0,1,0.0
4,1,70,14,29,u8,0,214,3,0 127 214
4,1,70,14,29,i8,-42,127,3,-42 0 127
4,1,70,14,29,u16le,0,18902,3,0 4479 18902
4,1,70,14,29,i16le,0,18902,3,0 4479 18902
4,1,70,14,29,u32le,0,2794656127,3,0 2782480854 2794656127
4,1,70,14,29,i32le,-1512486442,0,3,-1512486442 -1500311169 0
4,1,70,14,29,f32le,0.0,0.0,1,0.0
4,1,70,14,30,u8,0,73,3,0 17 73
4,1,70,14,30,i8,0,73,3,0 17 73
4,1,70,14,30,u16le,0,55625,3,0 37649 55625
4,1,70,14,30,i16le,-27887,0,3,-27887 -9911 0
4,1,70,14,30,u32le,0,1504088849,3,0 1504041289 1504088849
4,1,70,14,30,i32le,0,1504088849,3,0 1504041289 1504088849
4,1,70,14,30,f32le,0.0,0.0,1,0.0
4,1,70,14,31,u8,0,217,3,0 147 217
4,1,70,14,31,i8,-109,0,3,-109 -39 0
4,1,70,14,31,u16le,0,42643,3,0 42457 42643
4,1,70,14,31,i16le,-23079,0,3,-23079 -22893 0
4,1,70,14,31,u32le,0,5875347,3,0 5875161 5875347
4,1,70,14,31,i32le,0,5875347,3,0 5875161 5875347
4,1,70,14,31,f32le,0.0,0.0,1,0.0
4,1,70,14,32,u8,0,166,3,0 165 166
4,1,70,14,32,i8,-91,0,3,-91 -90 0
4,1,70,14,32,u16le,0,22950,3,0 22949 22950
4,1,70,14,32,i16le,0,22950,3,0 22949 22950
4,1,70,14,32,u32le,0,16800166,3,0 16800165 16800166
4,1,70,14,32,i32le,0,16800166,3,0 16800165 16800166
4,1,70,14,32,f32le,0.0,0.0,1,0.0
4,1,70,14,33,u8,0,89,2,0 89
4,1,70,14,33,i8,0,89,2,0 89
4,1,70,14,33,u16le,0,89,2,0 89
4,1,70,14,33,i16le,0,89,2,0 89
4,1,70,14,33,u32le,0,218169433,2,0 218169433
4,1,70,14,33,i32le,0,218169433,2,0 218169433
4,1,70,14,33,f32le,0.0,0.0,1,0.0
4,1,70,14,34,u16le,0,256,2,0 256
4,1,70,14,34,i16le,0,256,2,0 256
4,1,70,14,34,u32le,0,4262265088,2,0 4262265088
4,1,70,14,34,i32le,-32702208,0,2,-32702208 0
4,1,70,14,34,f32le,0.0,0.0,1,0.0
4,1,70,14,35,u8,0,1,2,0 1
4,1,70,14,35,i8,0,1,2,0 1
4,1,70,14,35,u16le,0,3329,2,0 3329
4,1,70,14,35,i16le,0,3329,2,0 3329
4,1,70,14,35,u32le,0,4294839553,2,0 4294839553
4,1,70,14,35,i32le,-127743,0,2,-127743 0
4,1,70,14,35,f32le,0.0,0.0,1,0.0
4,1,70,14,36,u8,0,13,2,0 13
4,1,70,14,36,i8,0,13,2,0 13
4,1,70,14,36,u16le,0,65037,2,0 65037
4,1,70,14,36,i16le,-499,0,2,-499 0
4,1,70,14,36,u32le,0,4294966797,2,0 4294966797
4,1,70,14,36,i32le,-499,0,2,-499 0
4,1,70,14,36,f32le,0.0,0.0,1,0.0
4,1,70,14,37,u8,0,254,2,0 254
4,1,70,14,37,i8,-2,0,2,-2 0
4,1,70,14,37,u16le,0,65534,2,0 65534
4,1,70,14,37,i16le,-2,0,2,-2 0
4,1,70,14,37,u32le,0,4294967294,2,0 4294967294
4,1,70,14,37,i32le,-2,0,2,-2 0
4,1,70,14,37,f32le,0.0,0.0,1,0.0
4,1,70,14,38,u8,0,255,2,0 255
4,1,70,14,38,i8,-1,0,2,-1 0
4,1,70,14,38,u16le,0,65535,2,0 65535
4,1,70,14,38,i16le,-1,0,2,-1 0
4,1,70,14,38,u32le,0,4294967295,3,0 4110417919 4294967295
4,1,70,14,38,i32le,-184549377,0,3,-184549377 -1 0
4,1,70,14,38,f32le,0.0,0.0,1,0.0
4,1,70,14,39,u8,0,255,2,0 255
4,1,70,14,39,i8,-1,0,2,-1 0
4,1,70,14,39,u16le,0,65535,2,0 65535
4,1,70,14,39,i16le,-1,0,2,-1 0
4,1,70,14,39,u32le,0,1006632959,3,0 1005912063 1006632959
4,1,70,14,39,i32le,0,1006632959,3,0 1005912063 1006632959
4,1,70,14,39,f32le,0.0,0.007812,3,0.0 0.007477 0.007812
4,1,70,14,40,u8,0,255,2,0 255
4,1,70,14,40,i8,-1,0,2,-1 0
4,1,70,14,40,u16le,0,65535,3,0 62719 65535
4,1,70,14,40,i16le,-2817,0,3,-2817 -1 0
4,1,70,14,40,u32le,0,1329332223,3,0 54260991 1329332223
4,1,70,14,40,i32le,0,1329332223,3,0 54260991 1329332223
4,1,70,14,40,f32le,0.0,0.0,1,0.0
4,1,70,14,41,u8,0,255,3,0 244 255
4,1,70,14,41,i8,-12,0,3,-12 -1 0
4,1,70,14,41,u16le,0,15359,3,0 15348 15359
4,1,70,14,41,i16le,0,15359,3,0 15348 15359
4,1,70,14,41,u32le,0,5192703,3,0 211956 5192703
4,1,70,14,41,i32le,0,5192703,3,0 211956 5192703
4,1,70,14,41,f32le,0.0,0.0,1,0.0
4,1,70,14,42,u8,0,59,2,0 59
4,1,70,14,42,i8,0,59,2,0 59
4,1,70,14,42,u16le,0,20283,3,0 827 20283
4,1,70,14,42,i16le,0,20283,3,0 827 20283
4,1,70,14,42,u32le,0,1459638075,3,0 251659067 1459638075
4,1,70,14,42,i32le,0,1459638075,3,0 251659067 1459638075
4,1,70,14,42,f32le,0.0,0.0,1,0.0
4,1,70,14,43,u8,0,79,3,0 3 79
4,1,70,14,43,i8,0,79,3,0 3 79
4,1,70,14,43,u16le,0,79,3,0 3 79
4,1,70,14,43,i16le,0,79,3,0 3 79
4,1,70,14,43,u32le,0,1834418255,3,0 1829699587 1834418255
4,1,70,14,43,i32le,0,1834418255,3,0 1829699587 1834418255
4,1,70,14,43,f32le,0.0,0.0,1,0.0
4,1,70,14,44,u16le,0,22272,3,0 3840 22272
4,1,70,14,44,i16le,0,22272,3,0 3840 22272
4,1,70,14,44,u32le,0,7165696,3,0 7147264 7165696
4,1,70,14,44,i32le,0,7165696,3,0 7147264 7165696
4,1,70,14,44,f32le,0.0,0.0,1,0.0
4,1,70,14,45,u8,0,87,3,0 15 87
4,1,70,14,45,i8,0,87,3,0 15 87
4,1,70,14,45,u16le,0,27991,3,0 27919 27991
4,1,70,14,45,i16le,0,27991,3,0 27919 27991
4,1,70,14,45,u32le,0,27991,3,0 27919 27991
4,1,70,14,45,i32le,0,27991,3,0 27919 27991
4,1,70,14,45,f32le,0.0,0.0,1,0.0
4,1,70,14,46,u8,0,109,2,0 109
4,1,70,14,46,i8,0,109,2,0 109
4,1,70,14,46,u16le,0,109,2,0 109
4,1,70,14,46,i16le,0,109,2,0 109
4,1,70,14,46,u32le,0,50331757,2,0 50331757
4,1,70,14,46,i32le,0,50331757,2,0 50331757
4,1,70,14,46,f32le,0.0,0.0,1,0.0
4,1,70,14,47,u16le,0,0,1,0
4,1,70,14,47,i16le,0,0,1,0
4,1,70,14,47,u32le,0,1728249856,2,0 1728249856
4,1,70,14,47,i32le,0,1728249856,2,0 1728249856
4,1,70,14,47,f32le,0.0,0.0,1,0.0
4,1,70,14,48,u16le,0,768,2,0 768
4,1,70,14,48,i16le,0,768,2,0 768
4,1,70,14,48,u32le,0,6750976,2,0 6750976
4,1,70,14,48,i32le,0,6750976,2,0 6750976
4,1,70,14,48,f32le,0.0,0.0,1,0.0
4,1,70,14,49,u8,0,3,2,0 3
4,1,70,14,49,i8,0,3,2,0 3
4,1,70,14,49,u16le,0,26371,2,0 26371
4,1,70,14,49,i16le,0,26371,2,0 26371
4,1,70,14,49,u32le,0,16803587,2,0 16803587
4,1,70,14,49,i32le,0,16803587,2,0 16803587
4,1,70,14,49,f32le,0.0,0.0,1,0.0
4,1,70,14,50,u8,0,103,2,0 103
4,1,70,14,50,i8,0,103,2,0 103
4,1,70,14,50,u16le,0,103,2,0 103
4,1,70,14,50,i16le,0,103,2,0 103
4,1,70,14,50,u32le,0,218169447,2,0 218169447
4,1,70,14,50,i32le,0,218169447,2,0 218169447
4,1,70,14,50,f32le,0.0,0.0,1,0.0
4,1,70,14,51,u16le,0,256,2,0 256
4,1,70,14,51,i16le,0,256,2,0 256
4,1,70,14,51,u32le,0,4262265088,2,0 4262265088
4,1,70,14,51,i32le,-32702208,0,2,-32702208 0
4,1,70,14,51,f32le,0.0,0.0,1,0.0
4,1,70,14,52,u8,0,1,2,0 1
4,1,70,14,52,i8,0,1,2,0 1
4,1,70,14,52,u16le,0,3329,2,0 3329
4,1,70,14,52,i16le,0,3329,2,0 3329
4,1,70,14,52,u32le,0,4294839553,2,0 4294839553
4,1,70,14,52,i32le,-127743,0,2,-127743 0
4,1,70,14,52,f32le,0.0,0.0,1,0.0
4,1,70,14,53,u8,0,13,2,0 13
4,1,70,14,53,i8,0,13,2,0 13
4,1,70,14,53,u16le,0,65037,2,0 65037
4,1,70,14,53,i16le,-499,0,2,-499 0
4,1,70,14,53,u32le,0,4294966797,2,0 4294966797
4,1,70,14,53,i32le,-499,0,2,-499 0
4,1,70,14,53,f32le,0.0,0.0,1,0.0
4,1,70,14,54,u8,0,254,2,0 254
4,1,70,14,54,i8,-2,0,2,-2 0
4,1,70,14,54,u16le,0,65534,2,0 65534
4,1,70,14,54,i16le,-2,0,2,-2 0
4,1,70,14,54,u32le,0,4294967294,2,0 4294967294
4,1,70,14,54,i32le,-2,0,2,-2 0
4,1,70,14,54,f32le,0.0,0.0,1,0.0
4,1,70,14,55,u8,0,255,2,0 255
4,1,70,14,55,i8,-1,0,2,-1 0
4,1,70,14,55,u16le,0,65535,2,0 65535
4,1,70,14,55,i16le,-1,0,2,-1 0
4,1,70,14,55,u32le,0,4194303999,3,0 4009754623 4194303999
4,1,70,14,55,i32le,-285212673,0,3,-285212673 -100663297 0
4,1,70,14,55,f32le,0.0,0.0,1,0.0
4,1,70,14,56,u8,0,255,2,0 255
4,1,70,14,56,i8,-1,0,2,-1 0
4,1,70,14,56,u16le,0,65535,2,0 65535
4,1,70,14,56,i16le,-1,0,2,-1 0
4,1,70,14,56,u32le,0,1006239743,3,0 1005518847 1006239743
4,1,70,14,56,i32le,0,1006239743,3,0 1005518847 1006239743
4,1,70,14,56,f32le,0.0,0.007629,3,0.0 0.007294 0.007629
4,1,70,14,57,u8,0,255,2,0 255
4,1,70,14,57,i8,-1,0,2,-1 0
4,1,70,14,57,u16le,0,63999,3,0 61183 63999
4,1,70,14,57,i16le,-4353,0,3,-4353 -1537 0
4,1,70,14,58,u8,0,249,3,0 238 249
4,1,70,14,58,i8,-18,0,3,-18 -7 0
4,1,70,14,58,u16le,0,15353,3,0 15342 15353
4,1,70,14,58,i16le,0,15353,3,0 15342 15353
4,1,70,14,59,u8,0,59,2,0 59
4,1,70,14,59,i8,0,59,2,0 59
4,1,103,5,4,u16le,256,256,1,256
4,1,103,5,4,i16le,256,256,1,256
4,1,103,5,4,u32le,1963393280,3892773120,5,1963393280 2131165440 2433155328 2751922432 3892773120
4,1,103,5,4,i32le,-1861811968,2131165440,5,-1861811968 -1543044864 -402194176 1963393280 2131165440
4,1,103,5,5,u16le,1793,1793,1,1793
4,1,103,5,5,i16le,1793,1793,1,1793
4,1,103,5,5,u32le,7669505,4293396225,5,7669505 8324865 10749697 4287694593 4293396225
4,1,103,5,5,i32le,-7272703,10749697,5,-7272703 -1571071 7669505 8324865 10749697
4,1,103,5,5,f32le,0.0,0.0,1,0.0
4,1,103,5,6,u16le,29959,59399,5,29959 32519 37127 41991 59399
4,1,103,5,6,i16le,-28409,32519,5,-28409 -23545 -6137 29959 32519
4,1,103,5,6,u32le,1560323079,3070224391,5,1560323079 1577029895 2717941511 3053483271 3070224391
4,1,103,5,6,i32le,-1577025785,1577029895,5,-1577025785 -1241484025 -1224742905 1560323079 1577029895
4,1,103,5,6,f32le,-8e-06,-0.0,3,-8e-06 -2e-06 -0.0
4,1,103,5,7,u8,117,232,5,117 127 145 164 232
4,1,103,5,7,i8,-111,127,5,-111 -92 -24 117 127
4,1,103,5,7,u16le,117,65512,5,117 127 164 65425 65512
4,1,103,5,7,i16le,-111,164,5,-111 -24 117 127 164
4,1,103,5,7,u32le,1650262180,1656160232,5,1650262180 1650327441 1654784127 1656094837 1656160232
4,1,103,5,7,i32le,1650262180,1656160232,5,1650262180 1650327441 1654784127 1656094837 1656160232
4,1,103,5,8,u8,0,255,2,0 255
4,1,103,5,8,i8,-1,0,2,-1 0
4,1,103,5,8,u16le,23808,46847,5,23808 24063 41472 46592 46847
4,1,103,5,8,i16le,-24064,24063,5,-24064 -18944 -18689 23808 24063
4,1,103,5,8,u32le,6446336,6469375,5,6446336 6446591 6464000 6469120 6469375
4,1,103,5,8,i32le,6446336,6469375,5,6446336 6446591 6464000 6469120 6469375
4,1,103,5,8,f32le,0.0,0.0,1,0.0
4,1,103,5,9,u8,93,182,3,93 162 182
4,1,103,5,9,i8,-94,93,3,-94 -74 93
4,1,103,5,9,u16le,25181,25270,3,25181 25250 25270
4,1,103,5,9,i16le,25181,25270,3,25181 25250 25270
4,1,103,5,9,u32le,25181,25270,3,25181 25250 25270
4,1,103,5,9,i32le,25181,25270,3,25181 25250 25270
4,1,103,5,9,f32le,0.0,0.0,1,0.0
4,1,103,5,10,u16le,98,98,1,98
4,1,103,5,10,i16le,98,98,1,98
4,1,103,5,10,u32le,50331746,50331746,1,50331746
4,1,103,5,10,i32le,50331746,50331746,1,50331746
4,1,103,5,10,f32le,0.0,0.0,1,0.0
4,1,103,5,11,u16le,0,0,1,0
4,1,103,5,11,i16le,0,0,1,0
4,1,103,5,12,u16le,768,768,1,768
4,1,103,5,12,i16le,768,768,1,768
