obs_id,file,frame_counter,packet_type,packet_type_name,tlm_counter,block_id,subtype,message_id,p00,p01,p02,p03,p04,p05,p06,p07,p08,p09,p10,p11,p12,p13,p14,p15,p16,p17,p18,p19,p20,p21,p22,p23,p24,p25,p26,p27,p28,p29,p30,p31,p32,p33,p34,p35,p36,p37,p38,p39,p40,p41,p42,p43,p44,p45,p46,p47,p48,p49,p50,p51,p52,p53,p54,p55,p56,p57,p58,p59,p60,p61,p62,p63,p64,p65,p66,p67
14633961,14633961_000.bin,55,0x33,telemetry_block,189,4,1,70,189,4,1,70,0,1,79,0,0,0,0,0,0,0,1,0,0,0,0,0,0,0,0,0,0,0,0,0,0,0,0,0,0,0,0,0,0,0,0,0,0,0,0,0,0,0,0,0,0,0,0,0,0,0,0,0,0,0,0,0,,,,,,,,
14633961,14633961_001.bin,54,0x33,telemetry_block,188,4,1,70,188,4,1,70,0,1,132,177,120,125,9,168,249,238,20,32,64,72,2,207,68,170,65,1,0,0,0,0,0,0,0,0,0,0,0,0,0,0,0,0,0,0,0,0,0,0,0,0,0,0,0,0,0,0,0,0,0,0,0,0,,,,,,,,
14633961,14633961_002.bin,53,0x33,telemetry_block,187,4,1,69,187,4,1,69,0,1,37,0,48,105,71,225,70,220,53,63,62,23,0,0,0,0,50,192,234,7,0,0,7,30,1,33,88,27,0,0,1,0,0,0,110,191,196,196,70,0,1,144,170,68,18,28,241,0,0,32,112,0,0,0,,,,,,,,
14633961,14633961_003.bin,52,0x33,telemetry_block,186,4,1,29,186,4,1,29,0,1,10,0,0,195,7,0,0,112,23,0,0,69,0,1,76,170,68,18,28,101,0,0,32,44,0,0,0,175,120,125,9,160,242,238,20,32,64,72,2,36,153,170,65,3,0,0,0,0,0,0,0,0,0,0,,,,,,,,
14633961,14633961_004.bin,46,0x83,status_block,,,,,67,51,169,231,98,66,0,0,0,0,0,0,0,0,0,0,57,48,0,0,0,0,0,0,0,0,0,0,33,0,0,0,8,0,0,0,1,0,0,0,0,0,0,0,,,,,,,,,,,,,,,,,,,,,,,,
14633961,14633961_005.bin,45,0x82,status_block,,,,,67,51,235,202,0,0,159,1,0,0,4,0,0,0,218,255,2,114,0,0,250,1,0,0,72,1,0,0,0,0,0,0,0,0,0,0,,,,,,,,,,,,,,,,,,,,,,,,,,,,,,,,
14633961,14633961_006.bin,44,0x81,zero_block,,,,,67,51,0,0,0,0,0,0,0,0,0,0,0,0,0,0,0,0,0,0,0,0,0,0,0,0,0,0,0,0,0,0,0,0,0,0,0,0,0,0,0,0,0,0,0,0,0,0,0,0,0,0,0,0,0,0,0,0,0,0,0,0,0,0,0,0,0,0
14633961,14633961_007.bin,43,0x80,text_beacon,,,,,80,69,65,82,76,45,49,66,32,58,32,65,84,82,68,67,44,32,72,72,82,73,44,32,73,84,82,73,44,32,78,67,85,44,32,97,110,100,32,82,65,73,84,69,75,32,115,97,121,32,104,101,108,108,111,32,116,111,32,101,118,101,114,121,111,110,101,
14633961,14633961_008.bin,38,0x33,telemetry_block,180,4,1,103,180,4,1,103,0,1,7,145,255,93,98,0,0,3,,,,,,,,,,,,,,,,,,,,,,,,,,,,,,,,,,,,,,,,,,,,,,,,,,,,,,
14633961,14633961_009.bin,37,0x33,telemetry_block,179,4,1,70,179,4,1,70,0,1,26,0,0,0,0,0,0,0,0,0,0,0,0,0,0,0,0,0,0,0,0,0,0,127,17,147,166,89,0,1,13,254,255,255,255,244,59,3,0,15,109,0,0,3,103,0,1,13,254,255,255,255,238,59,,,,,,,,
14633961,14633961_010.bin,36,0x33,telemetry_block,178,4,1,70,178,4,1,70,0,1,79,0,0,0,0,0,0,0,1,0,0,0,0,0,0,0,0,0,0,0,0,0,0,0,0,0,0,0,0,0,0,0,0,0,0,0,0,0,0,0,0,0,0,0,0,0,0,0,0,0,0,0,0,0,,,,,,,,
14633961,14633961_011.bin,32,0x33,telemetry_block,174,4,1,29,174,4,1,29,0,1,63,19,0,0,187,0,0,0,38,4,0,0,112,23,0,0,203,19,0,0,0,0,0,0,2,0,0,0,112,23,0,0,55,13,0,0,0,0,0,0,62,0,0,0,112,23,0,0,23,13,0,0,66,2,,,,,,,,
14633961,14633961_012.bin,31,0x33,telemetry_block,173,4,1,27,173,4,1,27,0,1,16,0,0,0,0,0,0,0,0,0,0,0,0,0,0,0,0,29,0,1,96,166,59,0,0,203,59,0,0,0,0,0,0,0,0,0,0,35,47,0,0,128,0,0,0,8,7,0,0,112,23,0,0,208,,,,,,,,
14633961,14633961_013.bin,29,0x33,telemetry_block,171,4,1,4,171,4,1,4,0,1,6,145,49,128,0,1,0,6,0,1,22,44,202,0,0,207,9,0,207,9,0,1,0,0,0,0,1,189,255,0,42,0,0,7,0,1,22,44,202,0,0,206,1,0,200,9,0,0,0,1,0,0,1,0,,,,,,,,
14633961,14633961_014.bin,27,0x83,status_block,,,,,67,51,169,231,98,66,0,0,0,0,0,0,0,0,0,0,57,48,0,0,0,0,0,0,0,0,0,0,33,0,0,0,8,0,0,0,1,0,0,0,0,0,0,0,,,,,,,,,,,,,,,,,,,,,,,,
14633961,14633961_015.bin,26,0x82,status_block,,,,,67,51,201,202,0,0,159,1,0,0,4,0,0,0,218,255,239,113,0,0,250,1,0,0,72,1,0,0,0,0,0,0,0,0,0,0,,,,,,,,,,,,,,,,,,,,,,,,,,,,,,,,
14633961,14633961_016.bin,25,0x81,zero_block,,,,,67,51,0,0,0,0,0,0,0,0,0,0,0,0,0,0,0,0,0,0,0,0,0,0,0,0,0,0,0,0,0,0,0,0,0,0,0,0,0,0,0,0,0,0,0,0,0,0,0,0,0,0,0,0,0,0,0,0,0,0,0,0,0,0,0,0,0,0
14633961,14633961_017.bin,24,0x80,text_beacon,,,,,80,69,65,82,76,45,49,66,32,58,32,65,84,82,68,67,44,32,72,72,82,73,44,32,73,84,82,73,44,32,78,67,85,44,32,97,110,100,32,82,65,73,84,69,75,32,115,97,121,32,104,101,108,108,111,32,116,111,32,101,118,101,114,121,111,110,101,
14633961,14633961_018.bin,17,0x33,telemetry_block,167,4,1,70,167,4,1,70,0,1,79,0,0,0,0,0,0,0,1,0,0,0,0,0,0,0,0,0,0,0,0,0,0,0,0,0,0,0,0,0,0,0,0,0,0,0,0,0,0,0,0,0,0,0,0,0,0,0,0,0,0,0,0,0,,,,,,,,
14633961,14633961_019.bin,16,0x33,telemetry_block,166,4,1,70,166,4,1,70,0,1,132,181,120,125,9,152,216,237,20,32,64,72,2,207,68,170,65,1,0,0,0,0,0,0,0,0,0,0,0,0,0,0,0,0,0,0,0,0,0,0,0,0,0,0,0,0,0,0,0,0,0,0,0,0,,,,,,,,
14633961,14633961_020.bin,15,0x33,telemetry_block,165,4,1,69,165,4,1,69,0,1,37,0,48,105,71,225,70,220,53,63,62,23,0,0,0,0,50,192,234,7,0,0,7,30,1,31,8,207,0,0,1,0,0,0,146,75,16,134,70,0,1,144,170,68,18,28,241,0,0,32,112,0,0,0,,,,,,,,
14633961,14633961_021.bin,14,0x33,telemetry_block,164,4,1,29,164,4,1,29,0,1,10,0,0,233,7,0,0,112,23,0,0,69,0,1,76,170,68,18,28,101,0,0,32,44,0,0,0,173,120,125,9,144,209,237,20,32,64,72,2,36,153,170,65,3,0,0,0,0,0,0,0,0,0,0,,,,,,,,
14633961,14633961_022.bin,6,0x33,telemetry_block,159,4,0,1,159,4,0,1,0,1,11,4,251,156,0,0,128,216,56,1,0,0,2,0,1,36,0,0,0,0,0,0,130,255,219,235,137,222,0,0,0,0,0,0,0,0,0,0,0,0,36,222,89,248,149,3,0,0,0,0,0,0,,,,,,,,,,
14633961,14633961_023.bin,242,0x82,status_block,,,,,67,51,116,202,0,0,162,1,0,0,4,0,0,0,218,255,199,113,0,0,250,1,0,0,72,1,0,0,0,0,0,0,0,0,0,0,,,,,,,,,,,,,,,,,,,,,,,,,,,,,,,,
14633961,14633961_024.bin,240,0x80,text_beacon,,,,,80,69,65,82,76,45,49,66,32,58,32,65,84,82,68,67,44,32,72,72,82,73,44,32,73,84,82,73,44,32,78,67,85,44,32,97,110,100,32,82,65,73,84,69,75,32,115,97,121,32,104,101,108,108,111,32,116,111,32,101,118,101,114,121,111,110,101,
14633961,14633961_025.bin,233,0x33,telemetry_block,145,4,1,70,145,4,1,70,0,1,79,0,0,0,0,0,0,0,1,0,0,0,0,0,0,0,0,0,0,0,0,0,0,0,0,0,0,0,0,0,0,0,0,0,0,0,0,0,0,0,0,0,0,0,0,0,0,0,0,0,0,0,0,0,,,,,,,,
14633961,14633961_026.bin,226,0x33,telemetry_block,138,4,1,4,138,4,1,4,0,1,6,145,49,128,0,1,0,6,0,1,22,194,201,0,0,251,3,0,207,9,0,1,0,0,0,0,1,148,255,0,27,0,0,7,0,1,22,194,201,0,0,217,4,0,39,1,0,0,0,1,0,0,1,0,,,,,,,,
14633961,14633961_027.bin,143,0x83,status_block,,,,,67,51,169,231,98,66,0,0,0,0,0,0,0,0,0,0,57,48,0,0,0,0,0,0,0,0,0,0,33,0,0,0,8,0,0,0,1,0,0,0,0,0,0,0,,,,,,,,,,,,,,,,,,,,,,,,
14633961,14633961_028.bin,142,0x82,status_block,,,,,67,51,166,203,0,0,157,1,0,0,4,0,0,0,218,255,99,114,0,0,250,1,0,0,72,1,0,0,0,0,0,0,0,0,0,0,,,,,,,,,,,,,,,,,,,,,,,,,,,,,,,,
14633961,14633961_029.bin,141,0x81,zero_block,,,,,67,51,0,0,0,0,0,0,0,0,0,0,0,0,0,0,0,0,0,0,0,0,0,0,0,0,0,0,0,0,0,0,0,0,0,0,0,0,0,0,0,0,0,0,0,0,0,0,0,0,0,0,0,0,0,0,0,0,0,0,0,0,0,0,0,0,0,0
14633961,14633961_030.bin,140,0x80,text_beacon,,,,,80,69,65,82,76,45,49,66,32,58,32,65,84,82,68,67,44,32,72,72,82,73,44,32,73,84,82,73,44,32,78,67,85,44,32,97,110,100,32,82,65,73,84,69,75,32,115,97,121,32,104,101,108,108,111,32,116,111,32,101,118,101,114,121,111,110,101,
14633961,14633961_031.bin,139,0x83,status_block,,,,,67,51,169,231,98,66,0,0,0,0,0,0,0,0,0,0,57,48,0,0,0,0,0,0,0,0,0,0,33,0,0,0,8,0,0,0,1,0,0,0,0,0,0,0,,,,,,,,,,,,,,,,,,,,,,,,
14633961,14633961_032.bin,138,0x82,status_block,,,,,67,51,149,203,0,0,159,1,0,0,4,0,0,0,218,255,95,114,0,0,250,1,0,0,72,1,0,0,0,0,0,0,0,0,0,0,,,,,,,,,,,,,,,,,,,,,,,,,,,,,,,,
14633961,14633961_033.bin,137,0x81,zero_block,,,,,67,51,0,0,0,0,0,0,0,0,0,0,0,0,0,0,0,0,0,0,0,0,0,0,0,0,0,0,0,0,0,0,0,0,0,0,0,0,0,0,0,0,0,0,0,0,0,0,0,0,0,0,0,0,0,0,0,0,0,0,0,0,0,0,0,0,0,0
14633961,14633961_034.bin,136,0x80,text_beacon,,,,,80,69,65,82,76,45,49,66,32,58,32,65,84,82,68,67,44,32,72,72,82,73,44,32,73,84,82,73,44,32,78,67,85,44,32,97,110,100,32,82,65,73,84,69,75,32,115,97,121,32,104,101,108,108,111,32,116,111,32,101,118,101,114,121,111,110,101,
14633961,14633961_035.bin,135,0x33,telemetry_block,235,4,1,103,235,4,1,103,0,1,7,127,0,162,98,0,0,3,,,,,,,,,,,,,,,,,,,,,,,,,,,,,,,,,,,,,,,,,,,,,,,,,,,,,,
14633961,14633961_036.bin,132,0x33,telemetry_block,232,4,1,70,232,4,1,70,0,1,132,177,120,125,9,200,59,241,20,32,64,72,2,207,68,170,65,1,0,0,0,0,0,0,0,0,0,0,0,0,0,0,0,0,0,0,0,0,0,0,0,0,0,0,0,0,0,0,0,0,0,0,0,0,,,,,,,,
14633961,14633961_037.bin,131,0x33,telemetry_block,231,4,1,69,231,4,1,69,0,1,37,0,48,105,71,225,70,220,53,63,62,23,0,0,0,0,50,192,234,7,0,0,7,30,1,35,184,136,0,0,1,0,0,0,72,189,155,98,70,0,1,144,170,68,18,28,241,0,0,32,112,0,0,0,,,,,,,,
14633961,14633961_038.bin,115,0x33,telemetry_block,222,4,1,70,222,4,1,70,0,1,79,0,0,0,0,0,0,0,1,0,0,0,0,0,0,0,0,0,0,0,0,0,0,0,0,0,0,0,0,0,0,0,0,0,0,0,0,0,0,0,0,0,0,0,0,0,0,0,0,0,0,0,0,0,,,,,,,,
14633961,14633961_039.bin,114,0x33,telemetry_block,221,4,1,70,221,4,1,70,0,1,132,179,120,125,9,64,171,240,20,32,64,72,2,207,68,170,65,1,0,0,0,0,0,0,0,0,0,0,0,0,0,0,0,0,0,0,0,0,0,0,0,0,0,0,0,0,0,0,0,0,0,0,0,0,,,,,,,,
14633961,14633961_040.bin,113,0x83,status_block,,,,,67,51,169,231,98,66,0,0,0,0,0,0,0,0,0,0,57,48,0,0,0,0,0,0,0,0,0,0,33,0,0,0,8,0,0,0,1,0,0,0,0,0,0,0,,,,,,,,,,,,,,,,,,,,,,,,
14633961,14633961_041.bin,107,0x33,telemetry_block,217,4,1,27,217,4,1,27,0,1,16,0,0,0,0,0,0,0,0,0,0,0,0,0,0,0,0,29,0,1,96,166,59,0,0,194,59,0,0,7,0,0,0,107,0,0,0,35,47,0,0,127,0,0,0,8,7,0,0,112,23,0,0,207,,,,,,,,
14633961,14633961_042.bin,103,0x83,status_block,,,,,67,51,169,231,98,66,0,0,0,0,0,0,0,0,0,0,57,48,0,0,0,0,0,0,0,0,0,0,33,0,0,0,8,0,0,0,1,0,0,0,0,0,0,0,,,,,,,,,,,,,,,,,,,,,,,,
14633961,14633961_043.bin,102,0x82,status_block,,,,,67,51,81,203,0,0,157,1,0,0,4,0,0,0,218,255,59,114,0,0,250,1,0,0,72,1,0,0,0,0,0,0,0,0,0,0,,,,,,,,,,,,,,,,,,,,,,,,,,,,,,,,
14633961,14633961_044.bin,101,0x81,zero_block,,,,,67,51,0,0,0,0,0,0,0,0,0,0,0,0,0,0,0,0,0,0,0,0,0,0,0,0,0,0,0,0,0,0,0,0,0,0,0,0,0,0,0,0,0,0,0,0,0,0,0,0,0,0,0,0,0,0,0,0,0,0,0,0,0,0,0,0,0,0
14633961,14633961_045.bin,100,0x80,text_beacon,,,,,80,69,65,82,76,45,49,66,32,58,32,65,84,82,68,67,44,32,72,72,82,73,44,32,73,84,82,73,44,32,78,67,85,44,32,97,110,100,32,82,65,73,84,69,75,32,115,97,121,32,104,101,108,108,111,32,116,111,32,101,118,101,114,121,111,110,101,
14633961,14633961_046.bin,99,0x83,status_block,,,,,67,51,169,231,98,66,0,0,0,0,0,0,0,0,0,0,57,48,0,0,0,0,0,0,0,0,0,0,33,0,0,0,8,0,0,0,1,0,0,0,0,0,0,0,,,,,,,,,,,,,,,,,,,,,,,,
14633961,14633961_047.bin,98,0x82,status_block,,,,,67,51,64,203,0,0,159,1,0,0,4,0,0,0,218,255,55,114,0,0,250,1,0,0,72,1,0,0,0,0,0,0,0,0,0,0,,,,,,,,,,,,,,,,,,,,,,,,,,,,,,,,
14633961,14633961_048.bin,97,0x81,zero_block,,,,,67,51,0,0,0,0,0,0,0,0,0,0,0,0,0,0,0,0,0,0,0,0,0,0,0,0,0,0,0,0,0,0,0,0,0,0,0,0,0,0,0,0,0,0,0,0,0,0,0,0,0,0,0,0,0,0,0,0,0,0,0,0,0,0,0,0,0,0
14633961,14633961_049.bin,93,0x33,telemetry_block,211,4,1,70,211,4,1,70,0,1,79,0,0,0,0,0,0,0,1,0,0,0,0,0,0,0,0,0,0,0,0,0,0,0,0,0,0,0,0,0,0,0,0,0,0,0,0,0,0,0,0,0,0,0,0,0,0,0,0,0,0,0,0,0,,,,,,,,
14633961,14633961_050.bin,92,0x33,telemetry_block,210,4,1,70,210,4,1,70,0,1,132,180,120,125,9,184,26,240,20,32,64,72,2,207,68,170,65,1,0,0,0,0,0,0,0,0,0,0,0,0,0,0,0,0,0,0,0,0,0,0,0,0,0,0,0,0,0,0,0,0,0,0,0,0,,,,,,,,
14633961,14633961_051.bin,91,0x33,telemetry_block,209,4,1,69,209,4,1,69,0,1,37,0,48,105,71,225,70,220,53,63,62,23,0,0,0,0,50,192,234,7,0,0,7,30,1,34,8,82,0,0,1,0,0,0,146,161,38,61,70,0,1,144,170,68,18,28,241,0,0,32,112,0,0,0,,,,,,,,
14633961,14633961_052.bin,89,0x33,telemetry_block,207,4,1,29,207,4,1,29,0,1,63,19,0,0,187,0,0,0,38,4,0,0,112,23,0,0,203,19,0,0,0,0,0,0,2,0,0,0,112,23,0,0,55,13,0,0,0,0,0,0,62,0,0,0,112,23,0,0,23,13,0,0,38,2,,,,,,,,
14633961,14633961_053.bin,80,0x83,status_block,,,,,67,51,169,231,98,66,0,0,0,0,0,0,0,0,0,0,57,48,0,0,0,0,0,0,0,0,0,0,33,0,0,0,8,0,0,0,1,0,0,0,0,0,0,0,,,,,,,,,,,,,,,,,,,,,,,,
14633961,14633961_054.bin,79,0x82,status_block,,,,,67,51,30,203,0,0,159,1,0,0,4,0,0,0,218,255,36,114,0,0,250,1,0,0,72,1,0,0,0,0,0,0,0,0,0,0,,,,,,,,,,,,,,,,,,,,,,,,,,,,,,,,
14633961,14633961_055.bin,78,0x81,zero_block,,,,,67,51,0,0,0,0,0,0,0,0,0,0,0,0,0,0,0,0,0,0,0,0,0,0,0,0,0,0,0,0,0,0,0,0,0,0,0,0,0,0,0,0,0,0,0,0,0,0,0,0,0,0,0,0,0,0,0,0,0,0,0,0,0,0,0,0,0,0
14633961,14633961_056.bin,77,0x80,text_beacon,,,,,80,69,65,82,76,45,49,66,32,58,32,65,84,82,68,67,44,32,72,72,82,73,44,32,73,84,82,73,44,32,78,67,85,44,32,97,110,100,32,82,65,73,84,69,75,32,115,97,121,32,104,101,108,108,111,32,116,111,32,101,118,101,114,121,111,110,101,
14633961,14633961_057.bin,76,0x33,telemetry_block,202,4,1,103,202,4,1,103,0,1,7,164,0,93,98,0,0,3,,,,,,,,,,,,,,,,,,,,,,,,,,,,,,,,,,,,,,,,,,,,,,,,,,,,,,
14633961,14633961_058.bin,70,0x33,telemetry_block,196,4,1,29,196,4,1,29,0,1,63,19,0,0,187,0,0,0,38,4,0,0,112,23,0,0,203,19,0,0,0,0,0,0,2,0,0,0,112,23,0,0,55,13,0,0,0,0,0,0,62,0,0,0,112,23,0,0,23,13,0,0,51,2,,,,,,,,
14633961,14633961_059.bin,69,0x33,telemetry_block,195,4,1,27,195,4,1,27,0,1,16,0,0,0,0,0,0,0,0,0,0,0,0,0,0,0,0,29,0,1,96,166,59,0,0,203,59,0,0,7,0,0,0,107,0,0,0,34,47,0,0,127,0,0,0,8,7,0,0,112,23,0,0,208,,,,,,,,
14633961,14633961_060.bin,66,0x33,telemetry_block,192,4,0,1,192,4,0,1,0,1,11,4,106,157,0,0,128,216,56,1,0,0,2,0,1,36,0,0,0,0,0,0,110,255,168,38,108,250,0,0,0,0,0,0,0,0,0,0,0,0,49,222,11,248,149,3,0,0,0,0,0,0,,,,,,,,,,
14633961,14633961_061.bin,187,0x33,telemetry_block,7,4,1,29,7,4,1,29,0,1,10,0,0,133,7,0,0,112,23,0,0,69,0,1,76,170,68,18,28,101,0,0,32,44,0,0,0,177,120,125,9,88,230,242,20,32,64,72,2,36,153,170,65,3,0,0,0,0,0,0,0,0,0,0,,,,,,,,
14633961,14633961_062.bin,186,0x33,telemetry_block,6,4,1,29,6,4,1,29,0,1,63,19,0,0,189,0,0,0,63,4,0,0,112,23,0,0,203,19,0,0,0,0,0,0,1,0,0,0,112,23,0,0,57,13,0,0,0,0,0,0,62,0,0,0,112,23,0,0,22,13,0,0,36,2,,,,,,,,
14633961,14633961_063.bin,183,0x33,telemetry_block,3,4,1,4,3,4,1,4,0,1,6,145,49,128,0,1,0,6,0,1,22,87,203,0,0,61,1,0,207,9,0,1,0,0,0,0,1,0,0,1,81,0,0,7,0,1,22,87,203,0,0,217,0,0,200,9,0,0,0,1,0,0,1,0,,,,,,,,
14633961,14633961_064.bin,182,0x33,telemetry_block,2,4,0,1,2,4,0,1,0,1,11,4,72,158,0,0,128,216,56,1,0,0,2,0,1,36,0,0,0,0,0,0,111,255,144,38,205,249,0,0,0,0,0,0,0,0,0,0,0,0,77,222,173,247,68,3,0,0,0,0,0,0,,,,,,,,,,
14633961,14633961_065.bin,178,0x80,text_beacon,,,,,80,69,65,82,76,45,49,66,32,58,32,65,84,82,68,67,44,32,72,72,82,73,44,32,73,84,82,73,44,32,78,67,85,44,32,97,110,100,32,82,65,73,84,69,75,32,115,97,121,32,104,101,108,108,111,32,116,111,32,101,118,101,114,121,111,110,101,
14633961,14633961_066.bin,173,0x33,telemetry_block,1,4,1,103,1,4,1,103,0,1,7,117,0,182,98,0,0,3,,,,,,,,,,,,,,,,,,,,,,,,,,,,,,,,,,,,,,,,,,,,,,,,,,,,,,
14633961,14633961_067.bin,172,0x33,telemetry_block,0,4,1,70,0,4,1,70,0,1,26,0,0,0,0,0,0,0,0,0,0,0,0,0,0,0,0,0,0,0,0,0,0,214,73,217,165,89,0,1,13,254,255,255,255,255,59,79,0,87,109,0,0,3,103,0,1,13,254,255,255,255,249,59,,,,,,,,
14633961,14633961_068.bin,171,0x33,telemetry_block,255,4,1,70,255,4,1,70,0,1,79,0,0,0,0,0,0,0,1,0,0,0,0,0,0,0,0,0,0,0,0,0,0,0,0,0,0,0,0,0,0,0,0,0,0,0,0,0,0,0,0,0,0,0,0,0,0,0,0,0,0,0,0,0,,,,,,,,
14633961,14633961_069.bin,168,0x33,telemetry_block,252,4,1,29,252,4,1,29,0,1,10,0,0,39,8,0,0,112,23,0,0,69,0,1,76,170,68,18,28,101,0,0,32,44,0,0,0,176,120,125,9,208,85,242,20,32,64,72,2,36,153,170,65,3,0,0,0,0,0,0,0,0,0,0,,,,,,,,
14633961,14633961_070.bin,165,0x33,telemetry_block,249,4,1,7,249,4,1,7,0,1,5,0,1,74,0,0,27,0,1,60,0,0,0,0,0,0,207,7,139,0,48,242,12,26,39,15,37,231,0,0,0,0,0,0,0,0,0,0,0,0,0,0,0,0,0,0,0,0,0,0,0,0,0,0,,,,,,,,
14633961,14633961_071.bin,164,0x33,telemetry_block,248,4,1,4,248,4,1,4,0,1,6,145,49,128,0,1,0,6,0,1,22,50,203,0,0,207,9,0,207,9,0,1,0,0,0,0,1,0,0,1,77,0,0,7,0,1,22,50,203,0,0,130,1,0,97,4,0,0,0,1,0,0,1,0,,,,,,,,
14633961,14633961_072.bin,154,0x33,telemetry_block,246,4,1,103,246,4,1,103,0,1,7,232,255,182,98,0,0,3,,,,,,,,,,,,,,,,,,,,,,,,,,,,,,,,,,,,,,,,,,,,,,,,,,,,,,
14633961,14633961_073.bin,150,0x33,telemetry_block,242,4,1,69,242,4,1,69,0,1,37,0,48,105,71,225,70,220,53,63,62,23,0,0,0,0,50,192,234,7,0,0,7,30,1,36,224,46,0,0,1,0,0,0,61,192,239,247,70,0,1,144,170,68,18,28,241,0,0,32,112,0,0,0,,,,,,,,
