file,obs_id,frame_index,size,mode,station,start,ax25_dest,ax25_src,ax25_control,ax25_pid,ascii_hint,hex_prefix
14633961_000.bin,14633961,000,80,GFSK,South Australia - UHF,2026-07-30T01:30:20Z,NCUGS1,PEARLB,0x03,0xf0,7..3...F..O.....................................................,9c86aa8ea662e0a08a82a49884e103f037110133bd04014600014f0000000000
14633961_001.bin,14633961,001,80,GFSK,South Australia - UHF,2026-07-30T01:30:20Z,NCUGS1,PEARLB,0x03,0xf0,6..3...F....x}..... @H..D.A.....................................,9c86aa8ea662e0a08a82a49884e103f036110133bc040146000184b1787d09a8
14633961_002.bin,14633961,002,80,GFSK,South Australia - UHF,2026-07-30T01:30:20Z,NCUGS1,PEARLB,0x03,0xf0,5..3...E..%.0iG.F.5?>.....2........!X.......n...F....D..... p...,9c86aa8ea662e0a08a82a49884e103f035110133bb04014500012500306947e1
14633961_003.bin,14633961,003,80,GFSK,South Australia - UHF,2026-07-30T01:30:20Z,NCUGS1,PEARLB,0x03,0xf0,"4..3.............p...E..L.D..e.. ,....x}..... @H.$..A...........",9c86aa8ea662e0a08a82a49884e103f034110133ba04011d00010a0000c30700
14633961_004.bin,14633961,004,64,GFSK,South Australia - UHF,2026-07-30T01:30:20Z,NCUGS1,PEARLB,0x03,0xf0,....C3..bB..........90..........!...............,9c86aa8ea662e0a08a82a49884e103f02e1101834333a9e76242000000000000
14633961_005.bin,14633961,005,56,GFSK,South Australia - UHF,2026-07-30T01:30:20Z,NCUGS1,PEARLB,0x03,0xf0,-...C3...............r......H...........,9c86aa8ea662e0a08a82a49884e103f02d1101824333ebca00009f0100000400
14633961_006.bin,14633961,006,88,GFSK,South Australia - UHF,2026-07-30T01:30:20Z,NCUGS1,PEARLB,0x03,0xf0,",...C3..................................................................",9c86aa8ea662e0a08a82a49884e103f02c110181433300000000000000000000
14633961_007.bin,14633961,007,87,GFSK,South Australia - UHF,2026-07-30T01:30:20Z,NCUGS1,PEARLB,0x03,0xf0,"+...PEARL-1B : ATRDC, HHRI, ITRI, NCU, and RAITEK say hello to everyone",9c86aa8ea662e0a08a82a49884e103f02b110180504541524c2d3142203a2041
14633961_008.bin,14633961,008,34,GFSK,South Australia - UHF,2026-07-30T01:30:20Z,NCUGS1,PEARLB,0x03,0xf0,&..3...g.....]b...,9c86aa8ea662e0a08a82a49884e103f026110133b404016700010791ff5d6200
14633961_009.bin,14633961,009,80,GFSK,South Australia - UHF,2026-07-30T01:30:20Z,NCUGS1,PEARLB,0x03,0xf0,%..3...F.............................Y........;...m...g........;,9c86aa8ea662e0a08a82a49884e103f025110133b304014600011a0000000000
14633961_010.bin,14633961,010,80,GFSK,South Australia - UHF,2026-07-30T01:30:20Z,NCUGS1,PEARLB,0x03,0xf0,$..3...F..O.....................................................,9c86aa8ea662e0a08a82a49884e103f024110133b204014600014f0000000000
14633961_011.bin,14633961,011,80,GFSK,South Australia - UHF,2026-07-30T01:30:20Z,NCUGS1,PEARLB,0x03,0xf0, ..3......?.......&...p...............p...7.......>...p.......B.,9c86aa8ea662e0a08a82a49884e103f020110133ae04011d00013f130000bb00
14633961_012.bin,14633961,012,80,GFSK,South Australia - UHF,2026-07-30T01:30:20Z,NCUGS1,PEARLB,0x03,0xf0,...3..........................`.;...;..........#/..........p....,9c86aa8ea662e0a08a82a49884e103f01f110133ad04011b0001100000000000
14633961_013.bin,14633961,013,80,GFSK,South Australia - UHF,2026-07-30T01:30:20Z,NCUGS1,PEARLB,0x03,0xf0,"...3........1........,..................*......,................",9c86aa8ea662e0a08a82a49884e103f01d110133ab0401040001069131800001
14633961_014.bin,14633961,014,64,GFSK,South Australia - UHF,2026-07-30T01:30:20Z,NCUGS1,PEARLB,0x03,0xf0,....C3..bB..........90..........!...............,9c86aa8ea662e0a08a82a49884e103f01b1101834333a9e76242000000000000
14633961_015.bin,14633961,015,56,GFSK,South Australia - UHF,2026-07-30T01:30:20Z,NCUGS1,PEARLB,0x03,0xf0,....C3...............q......H...........,9c86aa8ea662e0a08a82a49884e103f01a1101824333c9ca00009f0100000400
14633961_016.bin,14633961,016,88,GFSK,South Australia - UHF,2026-07-30T01:30:20Z,NCUGS1,PEARLB,0x03,0xf0,....C3..................................................................,9c86aa8ea662e0a08a82a49884e103f019110181433300000000000000000000
14633961_017.bin,14633961,017,87,GFSK,South Australia - UHF,2026-07-30T01:30:20Z,NCUGS1,PEARLB,0x03,0xf0,"....PEARL-1B : ATRDC, HHRI, ITRI, NCU, and RAITEK say hello to everyone",9c86aa8ea662e0a08a82a49884e103f018110180504541524c2d3142203a2041
14633961_018.bin,14633961,018,80,GFSK,South Australia - UHF,2026-07-30T01:30:20Z,NCUGS1,PEARLB,0x03,0xf0,...3...F..O.....................................................,9c86aa8ea662e0a08a82a49884e103f011110133a704014600014f0000000000
14633961_019.bin,14633961,019,80,GFSK,South Australia - UHF,2026-07-30T01:30:20Z,NCUGS1,PEARLB,0x03,0xf0,...3...F....x}..... @H..D.A.....................................,9c86aa8ea662e0a08a82a49884e103f010110133a6040146000184b5787d0998
14633961_020.bin,14633961,020,80,GFSK,South Australia - UHF,2026-07-30T01:30:20Z,NCUGS1,PEARLB,0x03,0xf0,...3...E..%.0iG.F.5?>.....2..................K..F....D..... p...,9c86aa8ea662e0a08a82a49884e103f00f110133a504014500012500306947e1
14633961_021.bin,14633961,021,80,GFSK,South Australia - UHF,2026-07-30T01:30:20Z,NCUGS1,PEARLB,0x03,0xf0,"...3.............p...E..L.D..e.. ,....x}..... @H.$..A...........",9c86aa8ea662e0a08a82a49884e103f00e110133a404011d00010a0000e90700
14633961_022.bin,14633961,022,78,GFSK,South Australia - UHF,2026-07-30T01:30:20Z,NCUGS1,PEARLB,0x03,0xf0,...3..............8......$........................$.Y.........,9c86aa8ea662e0a08a82a49884e103f0061101339f04000100010b04fb9c0000
14633961_023.bin,14633961,023,56,GFSK,South Australia - UHF,2026-07-30T01:30:20Z,NCUGS1,PEARLB,0x03,0xf0,....C3t..............q......H...........,9c86aa8ea662e0a08a82a49884e103f0f2110182433374ca0000a20100000400
14633961_024.bin,14633961,024,87,GFSK,South Australia - UHF,2026-07-30T01:30:20Z,NCUGS1,PEARLB,0x03,0xf0,"....PEARL-1B : ATRDC, HHRI, ITRI, NCU, and RAITEK say hello to everyone",9c86aa8ea662e0a08a82a49884e103f0f0110180504541524c2d3142203a2041
14633961_025.bin,14633961,025,80,GFSK,South Australia - UHF,2026-07-30T01:30:20Z,NCUGS1,PEARLB,0x03,0xf0,...3...F..O.....................................................,9c86aa8ea662e0a08a82a49884e103f0e91101339104014600014f0000000000
14633961_026.bin,14633961,026,80,GFSK,South Australia - UHF,2026-07-30T01:30:20Z,NCUGS1,PEARLB,0x03,0xf0,...3........1.........................................'.........,9c86aa8ea662e0a08a82a49884e103f0e21101338a0401040001069131800001
14633961_027.bin,14633961,027,64,GFSK,South Australia - UHF,2026-07-30T01:30:20Z,NCUGS1,PEARLB,0x03,0xf0,....C3..bB..........90..........!...............,9c86aa8ea662e0a08a82a49884e103f08f1101834333a9e76242000000000000
14633961_028.bin,14633961,028,56,GFSK,South Australia - UHF,2026-07-30T01:30:20Z,NCUGS1,PEARLB,0x03,0xf0,....C3..............cr......H...........,9c86aa8ea662e0a08a82a49884e103f08e1101824333a6cb00009d0100000400
14633961_029.bin,14633961,029,88,GFSK,South Australia - UHF,2026-07-30T01:30:20Z,NCUGS1,PEARLB,0x03,0xf0,....C3..................................................................,9c86aa8ea662e0a08a82a49884e103f08d110181433300000000000000000000
14633961_030.bin,14633961,030,87,GFSK,South Australia - UHF,2026-07-30T01:30:20Z,NCUGS1,PEARLB,0x03,0xf0,"....PEARL-1B : ATRDC, HHRI, ITRI, NCU, and RAITEK say hello to everyone",9c86aa8ea662e0a08a82a49884e103f08c110180504541524c2d3142203a2041
14633961_031.bin,14633961,031,64,GFSK,South Australia - UHF,2026-07-30T01:30:20Z,NCUGS1,PEARLB,0x03,0xf0,....C3..bB..........90..........!...............,9c86aa8ea662e0a08a82a49884e103f08b1101834333a9e76242000000000000
14633961_032.bin,14633961,032,56,GFSK,South Australia - UHF,2026-07-30T01:30:20Z,NCUGS1,PEARLB,0x03,0xf0,....C3.............._r......H...........,9c86aa8ea662e0a08a82a49884e103f08a110182433395cb00009f0100000400
14633961_033.bin,14633961,033,88,GFSK,South Australia - UHF,2026-07-30T01:30:20Z,NCUGS1,PEARLB,0x03,0xf0,....C3..................................................................,9c86aa8ea662e0a08a82a49884e103f089110181433300000000000000000000
14633961_034.bin,14633961,034,87,GFSK,South Australia - UHF,2026-07-30T01:30:20Z,NCUGS1,PEARLB,0x03,0xf0,"....PEARL-1B : ATRDC, HHRI, ITRI, NCU, and RAITEK say hello to everyone",9c86aa8ea662e0a08a82a49884e103f088110180504541524c2d3142203a2041
14633961_035.bin,14633961,035,34,GFSK,South Australia - UHF,2026-07-30T01:30:20Z,NCUGS1,PEARLB,0x03,0xf0,...3...g......b...,9c86aa8ea662e0a08a82a49884e103f087110133eb0401670001077f00a26200
14633961_036.bin,14633961,036,80,GFSK,South Australia - UHF,2026-07-30T01:30:20Z,NCUGS1,PEARLB,0x03,0xf0,...3...F....x}..;.. @H..D.A.....................................,9c86aa8ea662e0a08a82a49884e103f084110133e8040146000184b1787d09c8
14633961_037.bin,14633961,037,80,GFSK,South Australia - UHF,2026-07-30T01:30:20Z,NCUGS1,PEARLB,0x03,0xf0,...3...E..%.0iG.F.5?>.....2........#........H..bF....D..... p...,9c86aa8ea662e0a08a82a49884e103f083110133e704014500012500306947e1
14633961_038.bin,14633961,038,80,GFSK,South Australia - UHF,2026-07-30T01:30:20Z,NCUGS1,PEARLB,0x03,0xf0,s..3...F..O.....................................................,9c86aa8ea662e0a08a82a49884e103f073110133de04014600014f0000000000
14633961_039.bin,14633961,039,80,GFSK,South Australia - UHF,2026-07-30T01:30:20Z,NCUGS1,PEARLB,0x03,0xf0,r..3...F....x}.@... @H..D.A.....................................,9c86aa8ea662e0a08a82a49884e103f072110133dd040146000184b3787d0940
14633961_040.bin,14633961,040,64,GFSK,South Australia - UHF,2026-07-30T01:30:20Z,NCUGS1,PEARLB,0x03,0xf0,q...C3..bB..........90..........!...............,9c86aa8ea662e0a08a82a49884e103f0711101834333a9e76242000000000000
14633961_041.bin,14633961,041,80,GFSK,South Australia - UHF,2026-07-30T01:30:20Z,NCUGS1,PEARLB,0x03,0xf0,k..3..........................`.;...;......k...#/..........p....,9c86aa8ea662e0a08a82a49884e103f06b110133d904011b0001100000000000
14633961_042.bin,14633961,042,64,GFSK,South Australia - UHF,2026-07-30T01:30:20Z,NCUGS1,PEARLB,0x03,0xf0,g...C3..bB..........90..........!...............,9c86aa8ea662e0a08a82a49884e103f0671101834333a9e76242000000000000
14633961_043.bin,14633961,043,56,GFSK,South Australia - UHF,2026-07-30T01:30:20Z,NCUGS1,PEARLB,0x03,0xf0,f...C3Q.............;r......H...........,9c86aa8ea662e0a08a82a49884e103f066110182433351cb00009d0100000400
14633961_044.bin,14633961,044,88,GFSK,South Australia - UHF,2026-07-30T01:30:20Z,NCUGS1,PEARLB,0x03,0xf0,e...C3..................................................................,9c86aa8ea662e0a08a82a49884e103f065110181433300000000000000000000
14633961_045.bin,14633961,045,87,GFSK,South Australia - UHF,2026-07-30T01:30:20Z,NCUGS1,PEARLB,0x03,0xf0,"d...PEARL-1B : ATRDC, HHRI, ITRI, NCU, and RAITEK say hello to everyone",9c86aa8ea662e0a08a82a49884e103f064110180504541524c2d3142203a2041
14633961_046.bin,14633961,046,64,GFSK,South Australia - UHF,2026-07-30T01:30:20Z,NCUGS1,PEARLB,0x03,0xf0,c...C3..bB..........90..........!...............,9c86aa8ea662e0a08a82a49884e103f0631101834333a9e76242000000000000
14633961_047.bin,14633961,047,56,GFSK,South Australia - UHF,2026-07-30T01:30:20Z,NCUGS1,PEARLB,0x03,0xf0,b...C3@.............7r......H...........,9c86aa8ea662e0a08a82a49884e103f062110182433340cb00009f0100000400
14633961_048.bin,14633961,048,88,GFSK,South Australia - UHF,2026-07-30T01:30:20Z,NCUGS1,PEARLB,0x03,0xf0,a...C3..................................................................,9c86aa8ea662e0a08a82a49884e103f061110181433300000000000000000000
14633961_049.bin,14633961,049,80,GFSK,South Australia - UHF,2026-07-30T01:30:20Z,NCUGS1,PEARLB,0x03,0xf0,]..3...F..O.....................................................,9c86aa8ea662e0a08a82a49884e103f05d110133d304014600014f0000000000
14633961_050.bin,14633961,050,80,GFSK,South Australia - UHF,2026-07-30T01:30:20Z,NCUGS1,PEARLB,0x03,0xf0,\..3...F....x}..... @H..D.A.....................................,9c86aa8ea662e0a08a82a49884e103f05c110133d2040146000184b4787d09b8
14633961_051.bin,14633961,051,80,GFSK,South Australia - UHF,2026-07-30T01:30:20Z,NCUGS1,PEARLB,0x03,0xf0,"[..3...E..%.0iG.F.5?>.....2........"".R........&=F....D..... p...",9c86aa8ea662e0a08a82a49884e103f05b110133d104014500012500306947e1
14633961_052.bin,14633961,052,80,GFSK,South Australia - UHF,2026-07-30T01:30:20Z,NCUGS1,PEARLB,0x03,0xf0,Y..3......?.......&...p...............p...7.......>...p.......&.,9c86aa8ea662e0a08a82a49884e103f059110133cf04011d00013f130000bb00
14633961_053.bin,14633961,053,64,GFSK,South Australia - UHF,2026-07-30T01:30:20Z,NCUGS1,PEARLB,0x03,0xf0,P...C3..bB..........90..........!...............,9c86aa8ea662e0a08a82a49884e103f0501101834333a9e76242000000000000
14633961_054.bin,14633961,054,56,GFSK,South Australia - UHF,2026-07-30T01:30:20Z,NCUGS1,PEARLB,0x03,0xf0,O...C3..............$r......H...........,9c86aa8ea662e0a08a82a49884e103f04f11018243331ecb00009f0100000400
14633961_055.bin,14633961,055,88,GFSK,South Australia - UHF,2026-07-30T01:30:20Z,NCUGS1,PEARLB,0x03,0xf0,N...C3..................................................................,9c86aa8ea662e0a08a82a49884e103f04e110181433300000000000000000000
14633961_056.bin,14633961,056,87,GFSK,South Australia - UHF,2026-07-30T01:30:20Z,NCUGS1,PEARLB,0x03,0xf0,"M...PEARL-1B : ATRDC, HHRI, ITRI, NCU, and RAITEK say hello to everyone",9c86aa8ea662e0a08a82a49884e103f04d110180504541524c2d3142203a2041
14633961_057.bin,14633961,057,34,GFSK,South Australia - UHF,2026-07-30T01:30:20Z,NCUGS1,PEARLB,0x03,0xf0,L..3...g.....]b...,9c86aa8ea662e0a08a82a49884e103f04c110133ca040167000107a4005d6200
14633961_058.bin,14633961,058,80,GFSK,South Australia - UHF,2026-07-30T01:30:20Z,NCUGS1,PEARLB,0x03,0xf0,F..3......?.......&...p...............p...7.......>...p.......3.,9c86aa8ea662e0a08a82a49884e103f046110133c404011d00013f130000bb00
14633961_059.bin,14633961,059,80,GFSK,South Australia - UHF,2026-07-30T01:30:20Z,NCUGS1,PEARLB,0x03,0xf0,"E..3..........................`.;...;......k...""/..........p....",9c86aa8ea662e0a08a82a49884e103f045110133c304011b0001100000000000
14633961_060.bin,14633961,060,78,GFSK,South Australia - UHF,2026-07-30T01:30:20Z,NCUGS1,PEARLB,0x03,0xf0,B..3........j.....8......$......n..&l.............1...........,9c86aa8ea662e0a08a82a49884e103f042110133c004000100010b046a9d0000
14633961_061.bin,14633961,061,80,GFSK,South Australia - UHF,2026-07-30T01:30:20Z,NCUGS1,PEARLB,0x03,0xf0,"...3.............p...E..L.D..e.. ,....x}.X... @H.$..A...........",9c86aa8ea662e0a08a82a49884e103f0bb1101330704011d00010a0000850700
14633961_062.bin,14633961,062,80,GFSK,South Australia - UHF,2026-07-30T01:30:20Z,NCUGS1,PEARLB,0x03,0xf0,...3......?.......?...p...............p...9.......>...p.......$.,9c86aa8ea662e0a08a82a49884e103f0ba1101330604011d00013f130000bd00
14633961_063.bin,14633961,063,80,GFSK,South Australia - UHF,2026-07-30T01:30:20Z,NCUGS1,PEARLB,0x03,0xf0,...3........1........W...=..............Q......W................,9c86aa8ea662e0a08a82a49884e103f0b7110133030401040001069131800001
14633961_064.bin,14633961,064,78,GFSK,South Australia - UHF,2026-07-30T01:30:20Z,NCUGS1,PEARLB,0x03,0xf0,...3........H.....8......$......o..&..............M...D.......,9c86aa8ea662e0a08a82a49884e103f0b61101330204000100010b04489e0000
14633961_065.bin,14633961,065,87,GFSK,South Australia - UHF,2026-07-30T01:30:20Z,NCUGS1,PEARLB,0x03,0xf0,"....PEARL-1B : ATRDC, HHRI, ITRI, NCU, and RAITEK say hello to everyone",9c86aa8ea662e0a08a82a49884e103f0b2110180504541524c2d3142203a2041
14633961_066.bin,14633961,066,34,GFSK,South Australia - UHF,2026-07-30T01:30:20Z,NCUGS1,PEARLB,0x03,0xf0,...3...g...u..b...,9c86aa8ea662e0a08a82a49884e103f0ad110133010401670001077500b66200
14633961_067.bin,14633961,067,80,GFSK,South Australia - UHF,2026-07-30T01:30:20Z,NCUGS1,PEARLB,0x03,0xf0,...3...F..........................I..Y........;O.Wm...g........;,9c86aa8ea662e0a08a82a49884e103f0ac1101330004014600011a0000000000
14633961_068.bin,14633961,068,80,GFSK,South Australia - UHF,2026-07-30T01:30:20Z,NCUGS1,PEARLB,0x03,0xf0,...3...F..O.....................................................,9c86aa8ea662e0a08a82a49884e103f0ab110133ff04014600014f0000000000
14633961_069.bin,14633961,069,80,GFSK,South Australia - UHF,2026-07-30T01:30:20Z,NCUGS1,PEARLB,0x03,0xf0,"...3.........'...p...E..L.D..e.. ,....x}..U.. @H.$..A...........",9c86aa8ea662e0a08a82a49884e103f0a8110133fc04011d00010a0000270800
14633961_070.bin,14633961,070,80,GFSK,South Australia - UHF,2026-07-30T01:30:20Z,NCUGS1,PEARLB,0x03,0xf0,...3.........J.....<..........0...'.%...........................,9c86aa8ea662e0a08a82a49884e103f0a5110133f904010700010500014a0000
14633961_071.bin,14633961,071,80,GFSK,South Australia - UHF,2026-07-30T01:30:20Z,NCUGS1,PEARLB,0x03,0xf0,...3........1........2..................M......2......a.........,9c86aa8ea662e0a08a82a49884e103f0a4110133f80401040001069131800001
14633961_072.bin,14633961,072,34,GFSK,South Australia - UHF,2026-07-30T01:30:20Z,NCUGS1,PEARLB,0x03,0xf0,...3...g......b...,9c86aa8ea662e0a08a82a49884e103f09a110133f6040167000107e8ffb66200
14633961_073.bin,14633961,073,80,GFSK,South Australia - UHF,2026-07-30T01:30:20Z,NCUGS1,PEARLB,0x03,0xf0,...3...E..%.0iG.F.5?>.....2........$........=...F....D..... p...,9c86aa8ea662e0a08a82a49884e103f096110133f204014500012500306947e1
14633973_000.bin,14633973,000,14,GFSK,Adelaide City UHF,2026-07-30T01:30:05Z,,,,,...E..|j.x.j..,b117c845c7be7c6ae078b26af2f7
14633973_001.bin,14633973,001,14,GFSK,Adelaide City UHF,2026-07-30T01:30:05Z,,,,,...E..|j.x.j..,b117c845c7be7c6ae078b26af2f7
14635810_000.bin,14635810,000,103,GMSK USP,KC1OCA quadrifilar (UHF) & Airspy Mini,2026-07-30T01:23:47Z,R3DDF,RS40S-1,0x00,0xf0,FB.........|!.%...jj|I...%..&.P..!.............p...X.j...$.............. ..4..I../F.Z..,a46688888c4060a4a66860a6406300f04642020001001900fffeff7c2113250e
14635810_001.bin,14635810,001,103,GMSK USP,KC1OCA quadrifilar (UHF) & Airspy Mini,2026-07-30T01:23:47Z,R3DDF,RS40S-1,0x00,0xf0,FB..........!.%...jj^I...%..&.H..!.......%...r.......P...#.............. ..0.pI...F.Z..,a46688888c4060a4a66860a6406300f04642020001001900fefeff7f2113250e
14635810_002.bin,14635810,002,103,GMSK USP,KC1OCA quadrifilar (UHF) & Airspy Mini,2026-07-30T01:23:47Z,R3DDF,RS40S-1,0x00,0xf0,"FB.........y!.%.S.jj""I...%..&.L..!...........6.......N...$.............. ..0.4I...E.Z..",a46688888c4060a4a66860a6406300f04642020001001900fefdff792113250e
14635810_003.bin,14635810,003,103,GMSK USP,KC1OCA quadrifilar (UHF) & Airspy Mini,2026-07-30T01:23:47Z,R3DDF,RS40S-1,0x00,0xf0,FB.........}!.%.5.jj.I...%..&.L..!.........j.........M...#.............. ..0..I...E.Z..,a46688888c4060a4a66860a6406300f04642020001001900fefdff7d2113250e
14635810_004.bin,14635810,004,103,GMSK USP,KC1OCA quadrifilar (UHF) & Airspy Mini,2026-07-30T01:23:47Z,R3DDF,RS40S-1,0x00,0xf0,"FB.........s!.%...jj.H...%..&.H..!.......j.....1.9.......%.............. ..,..H...E.Z..",a46688888c4060a4a66860a6406300f04642020001001900fefdff732113250e
14635812_000.bin,14635812,000,8,GMSK USP,KC1OCA vertical NMO-72,2026-07-30T01:23:47Z,,,,, .......,209bf798f8c7bac7
14636657_000.bin,14636657,000,59,GFSK,VK2RZ,2026-07-30T01:33:11Z,,,,,..l......j......Z..3...9.........................r.........,a6a06c96b400e0a6a06aa29c82e103f05a110133990401390000160000000000
14637818_000.bin,14637818,000,216,FSK,JH4XSY-pi,2026-07-30T01:17:53Z,EU1XX,EU11S,0x03,0xf0,......._.....GI...................._.............i.....pM@...A..Z.@[..i...i.....A....A...@..f.?...@...@...........R..?...?.............................0....%...................CubeBel-2 Beacon TRX-Pri,8aaa62b0b040608aaa6262a6406103f015ba88000016135f0000000000474905
14637818_001.bin,14637818,001,19,FSK,JH4XSY-pi,2026-07-30T01:17:53Z,,,,,.7...=.5.......d...,18371cefb53db535fed3c80d81e5a06418a8a3
14637818_002.bin,14637818,002,216,FSK,JH4XSY-pi,2026-07-30T01:17:53Z,EU1XX,EU11S,0x03,0xf0,......._.....GI...................._.............i.....pM@...A..Z.@[..i...i.....A....A...@..f.?...@...@...........R..?...?.............................0....%...................CubeBel-2 Beacon TRX-Pri,8aaa62b0b040608aaa6262a6406103f015ba88000016135f0000000000474905
14643122_000.bin,14643122,000,216,FSK,"JF6FYI Nishikazu, KitaKyushu, QFH (UHF)",2026-07-30T01:17:27Z,EU1XX,EU11S,0x03,0xf0,.Z.....V......S....................V......X...P[#j......N@...A....@.X#j3Z#j...).A....A........?G..@33.@...........+..@.$.?.............................0....%...................CubeBel-2 Beacon TRX-Sec,8aaa62b0b040608aaa6262a6406103f0145a800400c612560000000000935305
14643122_001.bin,14643122,001,216,FSK,"JF6FYI Nishikazu, KitaKyushu, QFH (UHF)",2026-07-30T01:17:27Z,EU1XX,EU11S,0x03,0xf0,.......V......U....................V..........w[#j......N@...A..G.@.X#j3Z#j.....A....A...@8.j.?G..@=..@...........ff.@ff.?.............................0....%...................CubeBel-2 Beacon TRX-Sec,8aaa62b0b040608aaa6262a6406103f0149a1c0500b612560000000000ff5505
14643122_002.bin,14643122,002,216,FSK,"JF6FYI Nishikazu, KitaKyushu, QFH (UHF)",2026-07-30T01:17:27Z,EU1XX,EU11S,0x03,0xf0,.z...p.V.....dU....................V......x...c[#j......N@...A.=..@.X#j3Z#j..<..A....A........?G..@=..@............V.@.$.?.............................0....%...................CubeBel-2 Beacon TRX-Sec,8aaa62b0b040608aaa6262a6406103f0147ace04007012560000000000645505
14643122_003.bin,14643122,003,207,FSK,"JF6FYI Nishikazu, KitaKyushu, QFH (UHF)",2026-07-30T01:17:27Z,EU1XX,EU11S,0x03,0xf0,.......V.....kX....................Q.o..`.......W.].........;.Y...7.W.x...7.....7...x.......?...`...x.....o.Y.........0................................................P.......0.`........7.2..,8aaa62b0b040608aaa6262a6406103f014a7820400b6125600000000006b5805
14643122_004.bin,14643122,004,207,FSK,"JF6FYI Nishikazu, KitaKyushu, QFH (UHF)",2026-07-30T01:17:27Z,EU1XX,EU11S,0x03,0xf0,.......V.....kX....................Q.o..`.......W.].........;.Y...7.W.x...7.....7...x.......?...`...x.....o.Y.........0................................................P.......0.`........7.2..,8aaa62b0b040608aaa6262a6406103f014a7820400b6125600000000006b5805
14643122_005.bin,14643122,005,216,FSK,"JF6FYI Nishikazu, KitaKyushu, QFH (UHF)",2026-07-30T01:17:27Z,EU1XX,EU11S,0x03,0xf0,.......V......U....................V..........w[#j......N@...A..G.@.X#j3Z#j.....A....A...@8.j.?G..@=..@...........ff.@ff.?.............................0....%...................CubeBel-2 Beacon TRX-Sec,8aaa62b0b040608aaa6262a6406103f0149a1c0500b612560000000000ff5505
14643122_006.bin,14643122,006,216,FSK,"JF6FYI Nishikazu, KitaKyushu, QFH (UHF)",2026-07-30T01:17:27Z,EU1XX,EU11S,0x03,0xf0,.Z.....V......S....................V......X...P[#j......N@...A....@.X#j3Z#j...).A....A........?G..@33.@...........+..@.$.?.............................0....%...................CubeBel-2 Beacon TRX-Sec,8aaa62b0b040608aaa6262a6406103f0145a800400c612560000000000935305
14643126_000.bin,14643126,000,216,FSK,"JF6FYI Nishikazu, KitaKyushu, 3-ele Yagi(UHF)",2026-07-30T01:17:27Z,EU1XX,EU11S,0x03,0xf0,.......V......U....................V..........w[#j......N@...A..G.@.X#j3Z#j.....A....A...@8.j.?G..@=..@...........ff.@ff.?.............................0....%...................CubeBel-2 Beacon TRX-Sec,8aaa62b0b040608aaa6262a6406103f0149a1c0500b612560000000000ff5505
14643126_001.bin,14643126,001,216,FSK,"JF6FYI Nishikazu, KitaKyushu, 3-ele Yagi(UHF)",2026-07-30T01:17:27Z,EU1XX,EU11S,0x03,0xf0,.z...p.V.....dU....................V......x...c[#j......N@...A.=..@.X#j3Z#j..<..A....A........?G..@=..@............V.@.$.?.............................0....%...................CubeBel-2 Beacon TRX-Sec,8aaa62b0b040608aaa6262a6406103f0147ace04007012560000000000645505
14643126_002.bin,14643126,002,207,FSK,"JF6FYI Nishikazu, KitaKyushu, 3-ele Yagi(UHF)",2026-07-30T01:17:27Z,EU1XX,EU11S,0x03,0xf0,.......V.....kX....................Q.o..`.......W.].........;.Y...7.W.x...7.....7...x.......?...`...x.....o.Y.........0................................................P.......0.`........7.2..,8aaa62b0b040608aaa6262a6406103f014a7820400b6125600000000006b5805
14643126_003.bin,14643126,003,216,FSK,"JF6FYI Nishikazu, KitaKyushu, 3-ele Yagi(UHF)",2026-07-30T01:17:27Z,EU1XX,EU11S,0x03,0xf0,.Z.....V......S....................V......X...P[#j......N@...A....@.X#j3Z#j...).A....A........?G..@33.@...........+..@.$.?.............................0....%...................CubeBel-2 Beacon TRX-Sec,8aaa62b0b040608aaa6262a6406103f0145a800400c612560000000000935305
14643126_004.bin,14643126,004,207,FSK,"JF6FYI Nishikazu, KitaKyushu, 3-ele Yagi(UHF)",2026-07-30T01:17:27Z,EU1XX,EU11S,0x03,0xf0,.......V.....kX....................Q.o..`.......W.].........;.Y...7.W.x...7.....7...x.......?...`...x.....o.Y.........0................................................P.......0.`........7.2..,8aaa62b0b040608aaa6262a6406103f014a7820400b6125600000000006b5805
14643126_005.bin,14643126,005,216,FSK,"JF6FYI Nishikazu, KitaKyushu, 3-ele Yagi(UHF)",2026-07-30T01:17:27Z,EU1XX,EU11S,0x03,0xf0,.Z.....V......S....................V......X...P[#j......N@...A....@.X#j3Z#j...).A....A........?G..@33.@...........+..@.$.?.............................0....%...................CubeBel-2 Beacon TRX-Sec,8aaa62b0b040608aaa6262a6406103f0145a800400c612560000000000935305
14643126_006.bin,14643126,006,216,FSK,"JF6FYI Nishikazu, KitaKyushu, 3-ele Yagi(UHF)",2026-07-30T01:17:27Z,EU1XX,EU11S,0x03,0xf0,.z...p.V.....dU....................V......x...c[#j......N@...A.=..@.X#j3Z#j..<..A....A........?G..@=..@............V.@.$.?.............................0....%...................CubeBel-2 Beacon TRX-Sec,8aaa62b0b040608aaa6262a6406103f0147ace04007012560000000000645505
14643126_007.bin,14643126,007,216,FSK,"JF6FYI Nishikazu, KitaKyushu, 3-ele Yagi(UHF)",2026-07-30T01:17:27Z,EU1XX,EU11S,0x03,0xf0,.......V......U....................V..........w[#j......N@...A..G.@.X#j3Z#j.....A....A...@8.j.?G..@=..@...........ff.@ff.?.............................0....%...................CubeBel-2 Beacon TRX-Sec,8aaa62b0b040608aaa6262a6406103f0149a1c0500b612560000000000ff5505
14643126_008.bin,14643126,008,216,FSK,"JF6FYI Nishikazu, KitaKyushu, 3-ele Yagi(UHF)",2026-07-30T01:17:27Z,EU1XX,EU11S,0x03,0xf0,..:..2._......E...................._.......:.....i......M@...A.}?.@[..i...i.....A....A............@....................................................0....%...................CubeBel-2 Beacon TRX-Pri,8aaa62b0b040608aaa6262a6406103f0159a3a000032135f0000000000a54505
14643126_009.bin,14643126,009,216,FSK,"JF6FYI Nishikazu, KitaKyushu, 3-ele Yagi(UHF)",2026-07-30T01:17:27Z,EU1XX,EU11S,0x03,0xf0,..:..2._......E...................._.......:.....i......M@...A.}?.@[..i...i.....A....A............@....................................................0....%...................CubeBel-2 Beacon TRX-Pri,8aaa62b0b040608aaa6262a6406103f0159a3a000032135f0000000000a54505
14644309_000.bin,14644309,000,26,GMSK,YO4ESB_Groundstation,2026-07-30T01:09:32Z,ESGS01,SPCLKR,0x03,0xf0,\...SPCLKR,8aa68ea66062e0a6a0869896a4e103f05c1101805350434c4b52
14644309_001.bin,14644309,001,64,GMSK,YO4ESB_Groundstation,2026-07-30T01:09:32Z,ESGS01,SPCLKR,0x03,0xf0,X...C3..........................................,8aa68ea66062e0a6a0869896a4e103f0581101834333a9e79e00000000000000
14644309_002.bin,14644309,002,56,GMSK,YO4ESB_Groundstation,2026-07-30T01:09:32Z,ESGS01,SPCLKR,0x03,0xf0,W...C3T.A...............A...............,8aa68ea66062e0a6a0869896a4e103f057110182433354f54100ea0000000c00
14644309_003.bin,14644309,003,26,GMSK,YO4ESB_Groundstation,2026-07-30T01:09:32Z,ESGS01,SPCLKR,0x03,0xf0,V...SPCLKR,8aa68ea66062e0a6a0869896a4e103f0561101805350434c4b52
14647588_000.bin,14647588,000,38,GFSK,YO4ESB_Groundstation,2026-07-30T01:24:26Z,RISEMC,EMISAR,0x03,0xf0,....Expanding Horizons,a492a68a9a86e08a9a92a682a4e103f0b4110180457870616e64696e6720486f
14647588_001.bin,14647588,001,38,GFSK,YO4ESB_Groundstation,2026-07-30T01:24:26Z,RISEMC,EMISAR,0x03,0xf0,....Expanding Horizons,a492a68a9a86e08a9a92a682a4e103f0bd110180457870616e64696e6720486f
14647588_002.bin,14647588,002,56,GFSK,YO4ESB_Groundstation,2026-07-30T01:24:26Z,RISEMC,EMISAR,0x03,0xf0,....C3.N..k.................$...........,a492a68a9a86e08a9a92a682a4e103f0bc1101824333844e00006b0000000800
14647588_003.bin,14647588,003,88,GFSK,YO4ESB_Groundstation,2026-07-30T01:24:26Z,RISEMC,EMISAR,0x03,0xf0,....C3..C.....y...3.).............8... . ..............W....@.....[.....,a492a68a9a86e08a9a92a682a4e103f0bb110181433385064300ac06a1007901
14647588_004.bin,14647588,004,38,GFSK,YO4ESB_Groundstation,2026-07-30T01:24:26Z,RISEMC,EMISAR,0x03,0xf0,....Expanding Horizons,a492a68a9a86e08a9a92a682a4e103f0ba110180457870616e64696e6720486f
14648384_000.bin,14648384,000,183,MSK AX.100 Mode 5,LW2DYB,2026-07-30T01:13:32Z,,,,,"........}..jj....@...B.|...Z\.Fr.B.n...=..<W.........................................<>T@....::.C9.).8..+Aq................;.NDjj.........jj...............0=..c=qO""...U.|SL;.X}.......",83e78001011404017db2126a6aa617000440ca0000428b7c10c0f75a5cc34672
14648384_001.bin,14648384,001,212,MSK AX.100 Mode 5,LW2DYB,2026-07-30T01:13:32Z,,,,,........}v.jj........................jj........jj.................*.z.r..qf........Z.X...P..............njj.....2...1=..........D...........].........................+..Qd.........................................,83e78001010a04017d76ee6a6aa5f00001010000900096000000000000000000
14648384_002.bin,14648384,002,183,MSK AX.100 Mode 5,LW2DYB,2026-07-30T01:13:32Z,,,,,........}..jj....@...B....1VL.E.<B{....@..@]j......................................j@..|P....::.C9.).8..+Aw.Q..............;.NDjj.........jj...............0=_..=o...RW...s............,83e78001011404017db2126a6aa5f0000440da0000428d1813c131564cc3459e
14648384_003.bin,14648384,003,183,MSK AX.100 Mode 5,LW2DYB,2026-07-30T01:13:32Z,,,,,........}..jj....@...B........I.xBvR....i.D............................................. ./..::.C9.).8..+A{5...............;.NDjj.........jj...............0=...=nJq<e.e<U..<.'n.......,83e78001011404017db2126a6aa5da000440e400004282f6eac117039ac349a9
14648384_004.bin,14648384,004,212,MSK AX.100 Mode 5,LW2DYB,2026-07-30T01:13:32Z,,,,,........}v.jj........................jj........jj.................*.z.nm.qf........Z.#...P..............njj.....2...1>..........D...........P.........................+..Q..........................................,83e78001010a04017d76ee6a6aa5d10001010000940099000f00000000000000
14648384_005.bin,14648384,005,101,MSK AX.100 Mode 5,LW2DYB,2026-07-30T01:13:32Z,,,,,........}v.jj.......k....jj.................v7.jj..........NDjj............jj....@...............A|..,83e78001011a03017d76ee6a6aa5d100040101016b000000026a6aa5cf008e00
14648384_006.bin,14648384,006,212,MSK AX.100 Mode 5,LW2DYB,2026-07-30T01:13:32Z,,,,,........}v.jj........................jj.....[..jj.................*.z.f..qf........ZyI...P..............njj.....2.1.1>..........D...........P.........................+..Q..........................................,83e78001010a04017d76ee6a6aa596000101000099009e000000000000000000
14648384_007.bin,14648384,007,183,MSK AX.100 Mode 5,LW2DYB,2026-07-30T01:13:32Z,,,,,........}..jj.z..@...B.....l..7..B.'y..X..3}........................................0..yH....::.C9.).8..+Aa.W.........H....;.NDjj.z.......jj.z.............0=G0j=qz.<'..<.sx<..........,83e78001011404017db2126a6aa67a000440a2000042a6afcbc0f56cfcc337fb
14648384_008.bin,14648384,008,212,MSK AX.100 Mode 5,LW2DYB,2026-07-30T01:13:32Z,,,,,........}v.jj.I......................jj.I......jj.I...............*.z.~!.qf........Z.....P..............njj.I...2...1=..........D...........].........................+..Q..........................................,83e78001010a04017d76ee6a6aa649000101000088008d000000000000000000
14648384_009.bin,14648384,009,101,MSK AX.100 Mode 5,LW2DYB,2026-07-30T01:13:32Z,,,,,........}v.jj.I.....k....jj.G................7.jj.I........NDjj.I..........jj.I..@...............Aj.{,83e78001011a03017d76ee6a6aa64900040101016b000000026a6aa647008200
14648384_010.bin,14648384,010,183,MSK AX.100 Mode 5,LW2DYB,2026-07-30T01:13:32Z,,,,,........}..jj.I..@...B....u1@.=..B....s...7...............................................=M0::.C9.).8..+Aj.{..............;.NDjj.I.......jj.I.............0=2J =o.G.?..9....%.........,83e78001011404017db2126a6aa649000440b600004290808bc1753140c33d99
14648384_011.bin,14648384,011,183,MSK AX.100 Mode 5,LW2DYB,2026-07-30T01:13:32Z,,,,,........}..jj.4..@...B....1...>j(B....K...9O......................................g...W.`..q.::.C9.).8..+Al.Z.........H....;.NDjj.4.......jj.4.............0=E..=p.#.<.y..2....%.......,83e78001011404017db2126a6aa634000440be00004293f6acc13190ccc33e6a
14649704_000.bin,14649704,000,175,FSK AX.100 Mode 5,Jim UHF,2026-07-30T01:26:40Z,,,,,".g......g..jj.@..A...C.3.....C...C.....S C.w.C?......A.......D.@.................>.;..X..........7.......A..7BH............?...jj.@..........2.8=W..=w0.=,1V;.. ............U.v",836780010114030067b2126a6ac74000044185000043bd33a6c19c878b431af0
14649749_000.bin,14649749,000,105,GMSK USP,(¯`·._.·(¯`·._.· I LOVE BALI ·._.·´¯)·._.·´¯),2026-07-30T01:14:36Z,R2ANF,SC2315-1,0x00,0xf0,"FB.........| .....jj,...`...+....!.....0.......Z.6...w...9.....*...............xh...1.Z..",a464829c8c4060a6866466626a6300f046420200010019001000ff7c2019b61e
14649749_001.bin,14649749,001,105,GMSK USP,(¯`·._.·(¯`·._.· I LOVE BALI ·._.·´¯)·._.·´¯),2026-07-30T01:14:36Z,R2ANF,SC2315-1,0x00,0xf0,FB.........z .....jj....`...)....!.....0.......S.h.......9...........}..........h...0.Z..,a464829c8c4060a6866466626a6300f046420200010019000f00ff7a2019b61e
14649749_002.bin,14649749,002,105,GMSK USP,(¯`·._.·(¯`·._.· I LOVE BALI ·._.·´¯)·._.·´¯),2026-07-30T01:14:36Z,R2ANF,SC2315-1,0x00,0xf0,"FB.........x .....jj....`...(....!.....0...........`.....9.....,...............Zh...0.Z..",a464829c8c4060a6866466626a6300f046420200010019000f00ff782019b61e
14649749_003.bin,14649749,003,105,GMSK USP,(¯`·._.·(¯`·._.· I LOVE BALI ·._.·´¯)·._.·´¯),2026-07-30T01:14:36Z,R2ANF,SC2315-1,0x00,0xf0,FB.........z .....jj....`...)....!.....0.h.e.........~...9.....*...............<h...0.Z..,a464829c8c4060a6866466626a6300f046420200010019000f00ff7a2019b61e
14649750_000.bin,14649750,000,216,FSK,(¯`·._.·(¯`·._.· I LOVE BALI ·._.·´¯)·._.·´¯),2026-07-30T01:33:10Z,EU1XX,EU11S,0x03,0xf0,..s....`......_....................`.......s.....i......M@...A.'1.@...i...i.....A....A......#.?...@...@..............?!..?.............................0....%...................CubeBel-2 Beacon TRX-Pri,8aaa62b0b040608aaa6262a6406103f0151a7301001113600000000000b05f05
14649750_001.bin,14649750,001,216,FSK,(¯`·._.·(¯`·._.· I LOVE BALI ·._.·´¯)·._.·´¯),2026-07-30T01:33:10Z,EU1XX,EU11S,0x03,0xf0,..$....`......]....................`.......$.....i......M@...A.'1.@...i...i...?.A....A...@8.J.?...@...@..............?!..?.............................0....%...................CubeBel-2 Beacon TRX-Pri,8aaa62b0b040608aaa6262a6406103f015fa2401001113600000000000df5d05
14649750_002.bin,14649750,002,216,FSK,(¯`·._.·(¯`·._.· I LOVE BALI ·._.·´¯)·._.·´¯),2026-07-30T01:33:10Z,EU1XX,EU11S,0x03,0xf0,..s....`......_....................`.......s.....i......M@...A.'1.@...i...i.....A....A......#.?...@...@..............?!..?.............................0....%...................CubeBel-2 Beacon TRX-Pri,8aaa62b0b040608aaa6262a6406103f0151a7301001113600000000000b05f05
14649750_003.bin,14649750,003,216,FSK,(¯`·._.·(¯`·._.· I LOVE BALI ·._.·´¯)·._.·´¯),2026-07-30T01:33:10Z,EU1XX,EU11S,0x03,0xf0,..$....`......]....................`.......$.....i......M@...A.'1.@...i...i...?.A....A...@8.J.?...@...@..............?!..?.............................0....%...................CubeBel-2 Beacon TRX-Pri,8aaa62b0b040608aaa6262a6406103f015fa2401001113600000000000df5d05
14649750_004.bin,14649750,004,35,FSK,(¯`·._.·(¯`·._.· I LOVE BALI ·._.·´¯)·._.·´¯),2026-07-30T01:33:10Z,,,,,....{......^..../..&..t.....zqA.F .,808113c17bf8dffbb6e2d75ef3a9968c2ffce92616e47402ebd41ff67a7141aa
14649830_000.bin,14649830,000,105,GMSK USP,(¯`·._.·(¯`·._.· I LOVE BALI ·._.·´¯)·._.·´¯),2026-07-30T01:20:47Z,R2ANF,SC2336-1,0x00,0xf0,"FB.........~""...-.jj....`...%....!.....0.................,.........K.]....@....\....3.]..",a464829c8c4060a6866466666c6300f046420200010019000300ff7e2214020e
14649830_001.bin,14649830,001,105,GMSK USP,(¯`·._.·(¯`·._.· I LOVE BALI ·._.·´¯)·._.·´¯),2026-07-30T01:20:47Z,R2ANF,SC2336-1,0x00,0xf0,"FB..........""...K.jj....`...%....!.....0.....n...........-.........].d....@....z....3.]..",a464829c8c4060a6866466666c6300f046420200010019000400ff812214020e
14649830_002.bin,14649830,002,105,GMSK USP,(¯`·._.·(¯`·._.· I LOVE BALI ·._.·´¯)·._.·´¯),2026-07-30T01:20:47Z,R2ANF,SC2336-1,0x00,0xf0,"FB..........""...i.jj0...`...'....!.....0.t...............,.........j.p....@.........4.]..",a464829c8c4060a6866466666c6300f046420200010019000400ff812214020e
14649830_003.bin,14649830,003,105,GMSK USP,(¯`·._.·(¯`·._.· I LOVE BALI ·._.·´¯)·._.·´¯),2026-07-30T01:20:47Z,R2ANF,SC2336-1,0x00,0xf0,"FB.........~"".....jjN...`...%....!.....0...0.....M...+...-.........v.}.+..@........54.]..",a464829c8c4060a6866466666c6300f046420200010019000400ff7e2214020e
14649978_000.bin,14649978,000,134,FSK AX.100 Mode 5,VK2RZ,2026-07-30T01:09:15Z,,,,,.....CTS1....w...w..3..................C..........-.........................X...........Hello from CalgaryToSpace FrontierSat.....END.,c2a28a000143545331010019ff770019ff7700c03393b09f0100000501000000
14649978_001.bin,14649978,001,134,FSK AX.100 Mode 5,VK2RZ,2026-07-30T01:09:15Z,,,,,.....CTS1....z...z................................?.....................................Hello from CalgaryToSpace FrontierSat.....END.,c2a28a0001435453310200f2ce7a00f2ce7a00990396b09f0100000501000000
14649978_002.bin,14649978,002,134,FSK AX.100 Mode 5,VK2RZ,2026-07-30T01:09:15Z,,,,,.....CTS1....y...y.`..............................2.........................q...........Hello from CalgaryToSpace FrontierSat.....END.,c2a28a0001435453310100b9de7900b9de7900601395b09f0100000501000000
14649978_003.bin,14649978,003,134,FSK AX.100 Mode 5,VK2RZ,2026-07-30T01:09:15Z,,,,,.....CTS1..M.{.M.{.....................5..........?.....................................Hello from CalgaryToSpace FrontierSat.....END.,c2a28a00014354533101004dbf7b004dbf7b00f4f396b09f0100000501000000
14649988_000.bin,14649988,000,134,FSK AX.100 Mode 5,South Australia - UHF,2026-07-30T01:10:04Z,,,,,.....CTS1..3_w.3_w...............}................-.........................X...........Hello from CalgaryToSpace FrontierSat.....END.,c2a28a0001435453310100335f7700335f7700da9392b09f0100000501000000
14650597_000.bin,14650597,000,105,GMSK USP,SPUTNIX-VHF/UHF-Murmansk,2026-07-30T01:25:45Z,R2ANF,SC3234-1,0x00,0xf0,"FB.........x"".....jj....`...-....!.....0.......P._.......1.....1.....Y..........i...%.\.$",a464829c8c4060a686666466686300f046420200010019001b00ff782217a82e
14650751_000.bin,14650751,000,13,BPSK PMT-A3,DIYSATELLITE,2026-07-30T01:35:31Z,,,,,.....@LB &.r.,00001c2e10404c422026c67285
14650751_001.bin,14650751,001,7,BPSK PMT-A3,DIYSATELLITE,2026-07-30T01:35:31Z,,,,,.....^L,f210a6a7015e4c
14650751_002.bin,14650751,002,16,BPSK PMT-A3,DIYSATELLITE,2026-07-30T01:35:31Z,,,,,.......@..o..@Z.,00000bee00e20540f2016f180e405a90
14650751_003.bin,14650751,003,22,BPSK PMT-A3,DIYSATELLITE,2026-07-30T01:35:31Z,,,,,"...n.I1.....j1.Vk$,..h",0000026e0049310491ab83806a31de566b242c00b868
14650751_004.bin,14650751,004,15,BPSK PMT-A3,DIYSATELLITE,2026-07-30T01:35:31Z,,,,,....... ...x...,000018ee00d4072016f8a07807a981
14650751_005.bin,14650751,005,7,BPSK PMT-A3,DIYSATELLITE,2026-07-30T01:35:31Z,,,,,.....d.,f210a6a701641a
14650751_006.bin,14650751,006,7,BPSK PMT-A3,DIYSATELLITE,2026-07-30T01:35:31Z,,,,,.....\<,f210a6a7015c3c
